time;V(/BPF);V(/BSF);V(/HPF);V(/LPF);
0.0100023;-1.03813;0.0896246;8.34948;-8.45263;
0.0100123;-1.56977;0.0800318;8.3493;-8.44235;
0.0100185;-1.90244;0.0741593;8.34554;-8.4303;
0.0100236;-2.17142;0.069516;8.33659;-8.41246;
0.0100261;-2.30388;0.0672668;8.32685;-8.39703;
0.0100276;-2.38169;0.0659517;8.31718;-8.38381;
0.0100286;-2.43738;0.0650127;8.30741;-8.37157;
0.0100296;-2.49077;0.0641091;8.29534;-8.35755;
0.0100301;-2.51507;0.0636973;8.28906;-8.3506;
0.0100306;-2.54403;0.0632069;8.28117;-8.342;
0.0100313;-2.57728;0.0626419;8.27174;-8.33186;
0.0100319;-2.60998;0.0620861;8.2622;-8.32169;
0.0100327;-2.65272;0.061357;8.24945;-8.30812;
0.010034;-2.71811;0.0602372;8.22939;-8.28685;
0.0100352;-2.78311;0.0591181;8.20891;-8.26516;
0.010037;-2.87786;0.0574763;8.17795;-8.23244;
0.0100388;-2.96911;0.0558828;8.14703;-8.19983;
0.0100406;-3.06376;0.0542179;8.11372;-8.16472;
0.0100427;-3.17363;0.0522678;8.07351;-8.12247;
0.0100449;-3.28628;0.050251;8.03052;-8.0773;
0.0100476;-3.42291;0.0477773;7.97594;-8.02012;
0.0100507;-3.57837;0.0449289;7.91052;-7.95165;
0.0100544;-3.76583;0.0414404;7.82683;-7.86428;
0.0100591;-3.99637;0.0370715;7.71644;-7.74923;
0.0100649;-4.27911;0.0315828;7.56932;-7.59632;
0.0100728;-4.65447;0.0240628;7.35274;-7.37176;
0.0100828;-5.1132;0.0144678;7.05206;-7.06098;
0.0100928;-5.55188;0.00483163;6.72283;-6.72157;
0.0101028;-5.96874;-0.00481683;6.36632;-6.35496;
0.0101128;-6.36209;-0.0144396;5.98398;-5.9625;
0.0101228;-6.73033;-0.0240078;5.57728;-5.54583;
0.0101328;-7.07195;-0.0334838;5.14787;-5.10651;
0.0101428;-7.38557;-0.0428393;4.69741;-4.64636;
0.0101528;-7.6699;-0.0520372;4.22774;-4.16712;
0.0101628;-7.92378;-0.0610504;3.74068;-3.67077;
0.0101728;-8.14616;-0.0698429;3.23821;-3.1592;
0.0101772;-8.23477;-0.0736884;3.00988;-2.92695;
0.0101801;-8.28729;-0.076165;2.86306;-2.77756;
0.0101814;-8.31012;-0.0773961;2.79404;-2.7073;
0.0101827;-8.33045;-0.0786541;2.72816;-2.64011;
0.0101838;-8.34687;-0.079911;2.66888;-2.57956;
0.010185;-8.36154;-0.0813312;2.60902;-2.51825;
0.0101873;-8.38482;-0.0846241;2.48946;-2.39537;
0.0101901;-8.40469;-0.0893829;2.34099;-2.24212;
0.0101931;-8.41855;-0.0947466;2.18565;-2.08139;
0.0101964;-8.42891;-0.10077;2.01444;-1.90414;
0.0102012;-8.4387;-0.10919;1.76904;-1.65031;
0.0102075;-8.44674;-0.119659;1.43935;-1.31014;
0.0102173;-8.45333;-0.133489;0.924263;-0.781211;
0.0102273;-8.45589;-0.144146;0.396605;-0.242883;
0.0102373;-8.45553;-0.151188;-0.134737;0.295514;
0.0102473;-8.45226;-0.154589;-0.669606;0.833797;
0.0102573;-8.44485;-0.154453;-1.20767;1.37174;
0.0102673;-8.42877;-0.151235;-1.74809;1.90895;
0.0102724;-8.41161;-0.14898;-2.02219;2.1808;
0.010275;-8.39672;-0.14807;-2.15993;2.31762;
0.0102765;-8.38324;-0.14778;-2.24529;2.40269;
0.0102776;-8.37163;-0.147788;-2.30206;2.45946;
0.0102787;-8.3572;-0.147983;-2.36097;2.51856;
0.0102791;-8.35113;-0.1481;-2.38366;2.54135;
0.0102797;-8.34321;-0.148264;-2.41217;2.57003;
0.0102803;-8.33373;-0.148473;-2.44522;2.60327;
0.010281;-8.32367;-0.148696;-2.4795;2.63777;
0.0102817;-8.31275;-0.148938;-2.51594;2.67443;
0.0102828;-8.29363;-0.149354;-2.57807;2.73696;
0.010284;-8.27386;-0.149768;-2.64072;2.8;
0.0102854;-8.24982;-0.150251;-2.71446;2.87421;
0.0102873;-8.21731;-0.15087;-2.81098;2.9713;
0.010289;-8.186;-0.151429;-2.90043;3.06128;
0.0102922;-8.12565;-0.152423;-3.06478;3.22657;
0.0102959;-8.05089;-0.153513;-3.2553;3.4181;
0.0103034;-7.888;-0.155472;-3.63096;3.79554;
0.0103134;-7.64129;-0.157625;-4.12357;4.29006;
0.0103234;-7.36374;-0.159229;-4.6001;4.76788;
0.0103334;-7.0564;-0.160274;-5.0586;5.2271;
0.0103434;-6.72051;-0.16076;-5.49723;5.66585;
0.0103534;-6.35735;-0.160682;-5.91421;6.08236;
0.0103634;-5.96839;-0.160045;-6.30785;6.47492;
0.0103734;-5.55513;-0.158846;-6.67653;6.84196;
0.0103834;-5.11925;-0.157095;-7.01878;7.18197;
0.0103934;-4.66243;-0.154793;-7.33319;7.49357;
0.0104034;-4.18652;-0.151952;-7.61847;7.77548;
0.0104134;-3.69339;-0.148579;-7.87345;8.02655;
0.0104234;-3.18503;-0.144688;-8.097;8.24562;
0.0104265;-3.02469;-0.143381;-8.15856;8.30558;
0.0104279;-2.94962;-0.142758;-8.18442;8.33044;
0.0104294;-2.87301;-0.142105;-8.20776;8.35287;
0.0104308;-2.79563;-0.141437;-8.22752;8.37145;
0.0104325;-2.70882;-0.140659;-8.24504;8.38797;
0.0104341;-2.62667;-0.139905;-8.25813;8.40009;
0.0104365;-2.49953;-0.138679;-8.27323;8.41397;
0.0104397;-2.3289;-0.136934;-8.28746;8.42669;
0.0104434;-2.13209;-0.13476;-8.29889;8.43648;
0.0104487;-1.85278;-0.131401;-8.31033;8.44546;
0.0104566;-1.43846;-0.125845;-8.32208;8.45327;
0.0104666;-0.908223;-0.117886;-8.33276;8.45829;
0.0104766;-0.377378;-0.109155;-8.34077;8.46008;
0.0104866;0.153908;-0.0998921;-8.34695;8.45948;
0.0104966;0.685543;-0.0903222;-8.35135;8.45643;
0.0105066;1.21737;-0.0806902;-8.35351;8.44991;
0.0105148;1.65567;-0.072861;-8.35238;8.43982;
0.0105215;2.01425;-0.0666217;-8.34675;8.42422;
0.0105254;2.21804;-0.0631567;-8.33814;8.40772;
0.0105275;2.33232;-0.0612416;-8.32844;8.39259;
0.0105288;2.39805;-0.0601429;-8.31956;8.38039;
0.0105298;2.45502;-0.0591923;-8.30887;8.36709;
0.0105309;2.50965;-0.0582776;-8.29579;8.35206;
0.0105313;2.53015;-0.0579333;-8.2903;8.34608;
0.0105319;2.5657;-0.0573388;-8.28039;8.33533;
0.0105325;2.59559;-0.0568355;-8.27177;8.32612;
0.0105331;2.62764;-0.0562978;-8.26233;8.31605;
0.0105343;2.69164;-0.0552163;-8.24292;8.29545;
0.0105353;2.74259;-0.0543534;-8.22713;8.27875;
0.0105363;2.79279;-0.0534992;-8.21116;8.26182;
0.0105372;2.8423;-0.0526527;-8.19508;8.24488;
0.0105381;2.88954;-0.0518439;-8.17944;8.22832;
0.0105392;2.94658;-0.0508605;-8.16012;8.208;
0.0105404;3.01041;-0.049758;-8.13801;8.18468;
0.0105421;3.09747;-0.0482415;-8.10692;8.152;
0.0105445;3.22182;-0.0460612;-8.06071;8.10343;
0.010548;3.39952;-0.0429028;-7.99083;8.03023;
0.0105535;3.67582;-0.0379025;-7.87305;7.9071;
0.010562;4.09954;-0.0299935;-7.66967;7.69535;
0.010572;4.57952;-0.0206662;-7.40343;7.4192;
0.010582;5.04162;-0.0112719;-7.10721;7.11308;
0.010592;5.48395;-0.00184934;-6.78222;6.77812;
0.010602;5.90472;0.00757549;-6.4297;6.41571;
0.010612;6.30222;0.0169637;-6.05107;6.02721;
0.010622;6.67484;0.0262894;-5.64781;5.61421;
0.010632;7.02105;0.0355141;-5.22154;5.17828;
0.010642;7.33945;0.0446123;-4.77393;4.72121;
0.010652;7.62874;0.0535464;-4.30678;4.24476;
0.010662;7.88772;0.0622919;-3.82192;3.75087;
0.010672;8.11533;0.0708125;-3.32131;3.24144;
0.0106773;8.22121;0.0751607;-3.0547;2.97037;
0.0106804;8.28028;0.077788;-2.89232;2.80527;
0.0106819;8.30641;0.079108;-2.81467;2.72628;
0.0106833;8.32907;0.0804337;-2.74216;2.6524;
0.0106846;8.34747;0.0817938;-2.67605;2.58491;
0.0106857;8.36202;0.0831772;-2.61652;2.52398;
0.010688;8.38512;0.086393;-2.49764;2.40184;
0.0106904;8.40209;0.0902336;-2.37476;2.2751;
0.0106936;8.41756;0.0958052;-2.20987;2.10461;
0.0106967;8.4278;0.101416;-2.04804;1.93716;
0.0107013;8.43784;0.109529;-1.80906;1.69005;
0.0107071;8.44575;0.119092;-1.50738;1.3788;
0.0107146;8.45176;0.130027;-1.11381;0.974283;
0.0107246;8.45555;0.141626;-0.587157;0.436023;
0.0107346;8.45617;0.14964;-0.0567825;-0.102386;
0.0107446;8.45401;0.154011;0.477194;-0.64074;
0.0107546;8.44838;0.154779;1.01452;-1.17885;
0.0107646;8.43649;0.152226;1.55463;-1.71641;
0.0107725;8.41534;0.14853;1.98533;-2.14342;
0.0107756;8.39899;0.147245;2.1505;-2.30731;
0.0107774;8.38441;0.146817;2.24645;-2.40283;
0.0107785;8.37226;0.146769;2.30664;-2.46296;
0.0107797;8.35744;0.146929;2.36724;-2.52372;
0.0107802;8.35004;0.147054;2.39473;-2.55132;
0.0107807;8.34168;0.147212;2.42459;-2.58133;
0.0107814;8.3315;0.147414;2.45983;-2.61675;
0.0107822;8.31974;0.147651;2.49953;-2.65669;
0.010783;8.3072;0.1479;2.54092;-2.69831;
0.0107845;8.28139;0.148403;2.6235;-2.78137;
0.0107858;8.26056;0.148784;2.68836;-2.84659;
0.010787;8.23915;0.149164;2.75283;-2.91142;
0.0107882;8.21774;0.149529;2.81603;-2.97496;
0.0107893;8.19765;0.149854;2.87361;-3.03286;
0.0107906;8.17359;0.150232;2.94121;-3.10079;
0.010792;8.14736;0.150619;3.01272;-3.17267;
0.0107938;8.11298;0.151105;3.10387;-3.26426;
0.0107961;8.06533;0.151723;3.22517;-3.38614;
0.0107996;7.9924;0.152581;3.40137;-3.56311;
0.0108056;7.85599;0.153915;3.70466;-3.8676;
0.0108142;7.64209;0.155481;4.12707;-4.29133;
0.0108242;7.36428;0.156795;4.60391;-4.76921;
0.0108342;7.05671;0.157568;5.06272;-5.22845;
0.0108442;6.72052;0.157788;5.50162;-5.66721;
0.0108542;6.3571;0.157465;5.91885;-6.0837;
0.0108642;5.96781;0.156589;6.31268;-6.47625;
0.0108742;5.55428;0.155175;6.68155;-6.84324;
0.0108842;5.11804;0.153217;7.02393;-7.18319;
0.0108942;4.66092;0.150732;7.33844;-7.49469;
0.0109042;4.18465;0.147718;7.62378;-7.7765;
0.0109142;3.69121;0.144197;7.87879;-8.02742;
0.0109242;3.18248;0.140169;8.10231;-8.24636;
0.0109274;3.01826;0.138796;8.16521;-8.30755;
0.0109288;2.94251;0.138147;8.19105;-8.33239;
0.0109303;2.86529;0.137475;8.21427;-8.35466;
0.0109319;2.78446;0.136756;8.23443;-8.37361;
0.0109336;2.6938;0.135924;8.25207;-8.39024;
0.0109352;2.61163;0.135148;8.26462;-8.40186;
0.0109376;2.48549;0.133903;8.27903;-8.41512;
0.0109402;2.3475;0.132469;8.29053;-8.42546;
0.0109434;2.1775;0.130589;8.3009;-8.43448;
0.0109474;1.96405;0.12806;8.31048;-8.44232;
0.0109521;1.7161;0.124888;8.31881;-8.44852;
0.010958;1.40154;0.120536;8.32691;-8.4537;
0.0109656;1.00239;0.114539;8.33485;-8.45761;
0.0109756;0.471414;0.105896;8.34302;-8.45989;
0.0109856;-0.0600252;0.09669;8.34926;-8.4597;
0.0109956;-0.5918;0.087161;8.35381;-8.45712;
0.0110056;-1.12381;0.0775396;8.35632;-8.45134;
0.0110156;-1.65586;0.0680618;8.35538;-8.43976;
0.0110211;-1.95058;0.06295;8.35152;-8.42775;
0.0110254;-2.18119;0.0590443;8.34375;-8.41136;
0.0110277;-2.30123;0.0570433;8.33547;-8.39719;
0.0110292;-2.37876;0.05576;8.32656;-8.38412;
0.0110302;-2.43241;0.0548732;8.31774;-8.37248;
0.0110312;-2.486;0.0539858;8.30617;-8.35857;
0.0110317;-2.51384;0.0535237;8.29913;-8.35065;
0.0110322;-2.54024;0.0530865;8.29202;-8.34284;
0.0110328;-2.57165;0.0525647;8.28319;-8.33329;
0.0110336;-2.61153;0.0519021;8.27159;-8.3209;
0.0110343;-2.64804;0.0512938;8.26073;-8.30936;
0.0110355;-2.71299;0.0502081;8.24085;-8.28827;
0.0110366;-2.77028;0.0492457;8.22288;-8.26929;
0.0110377;-2.82749;0.0482819;8.20444;-8.24977;
0.0110389;-2.89151;0.0471962;8.18328;-8.22749;
0.0110401;-2.95488;0.0461193;8.1618;-8.20482;
0.0110418;-3.04049;0.0446526;8.13189;-8.17339;
0.0110438;-3.14423;0.0428663;8.09431;-8.13386;
0.0110468;-3.29876;0.0401744;8.03551;-8.07223;
0.0110511;-3.51832;0.0362975;7.94609;-7.97865;
0.0110575;-3.83982;0.0304905;7.80219;-7.8286;
0.0110675;-4.32875;0.0213513;7.55202;-7.5687;
0.0110775;-4.80079;0.0121433;7.27128;-7.27823;
0.0110875;-5.25403;0.00290601;6.96111;-6.95826;
0.0110975;-5.68663;-0.00633694;6.62268;-6.61012;
0.0111075;-6.09684;-0.015546;6.25738;-6.2351;
0.0111175;-6.48299;-0.0246975;5.86661;-5.83475;
0.0111275;-6.84349;-0.0337523;5.45195;-5.41059;
0.0111375;-7.1769;-0.0426872;5.01502;-4.96436;
0.0111475;-7.48184;-0.0514639;4.55759;-4.49776;
0.0111575;-7.75707;-0.0600599;4.08144;-4.01271;
0.0111675;-8.00144;-0.0684384;3.5885;-3.51107;
0.0111775;-8.21394;-0.0765809;3.08072;-2.99491;
0.0111815;-8.28828;-0.079782;2.87648;-2.78736;
0.0111831;-8.31641;-0.0812339;2.79073;-2.70013;
0.0111845;-8.33814;-0.0825862;2.71827;-2.62627;
0.0111858;-8.35532;-0.0839854;2.6526;-2.55918;
0.0111871;-8.37019;-0.0855895;2.58659;-2.49155;
0.0111895;-8.39232;-0.0891981;2.4586;-2.35991;
0.0111918;-8.40656;-0.0928967;2.34244;-2.24004;
0.0111949;-8.42049;-0.0984302;2.17816;-2.0702;
0.0111983;-8.43061;-0.104482;2.00113;-1.88712;
0.0112031;-8.43992;-0.11267;1.75364;-1.63141;
0.0112085;-8.44669;-0.121326;1.47175;-1.34087;
0.0112156;-8.45208;-0.131338;1.10001;-0.959099;
0.011225;-8.45562;-0.142024;0.602607;-0.451006;
0.011235;-8.45631;-0.149852;0.0720417;0.0874121;
0.011245;-8.45425;-0.154038;-0.462137;0.625777;
0.011255;-8.44876;-0.15461;-0.999676;1.16391;
0.011265;-8.4372;-0.151848;-1.54003;1.7015;
0.0112734;-8.41516;-0.147702;-1.99455;2.15189;
0.0112765;-8.39861;-0.146334;-2.15964;2.3156;
0.0112783;-8.38366;-0.145861;-2.25659;2.41208;
0.0112794;-8.37173;-0.145794;-2.31482;2.47024;
0.0112805;-8.35726;-0.145923;-2.37362;2.52915;
0.011281;-8.35062;-0.146021;-2.39825;2.55388;
0.0112815;-8.34263;-0.146155;-2.42682;2.58257;
0.0112822;-8.33267;-0.146334;-2.46132;2.61724;
0.0112829;-8.32165;-0.146535;-2.49859;2.6547;
0.0112836;-8.31016;-0.146744;-2.53663;2.69294;
0.011285;-8.28652;-0.147166;-2.61254;2.76925;
0.0112862;-8.26624;-0.147508;-2.67606;2.83308;
0.0112874;-8.24548;-0.147847;-2.73896;2.89631;
0.0112887;-8.22345;-0.148191;-2.80435;2.96201;
0.0112899;-8.20245;-0.148503;-2.86486;3.02283;
0.0112913;-8.17559;-0.148886;-2.94047;3.09878;
0.0112929;-8.14522;-0.149291;-3.02321;3.1819;
0.0112951;-8.10284;-0.149822;-3.13475;3.29392;
0.0112981;-8.0408;-0.150521;-3.29012;3.44993;
0.0113027;-7.94071;-0.151497;-3.52429;3.68496;
0.0113106;-7.75462;-0.152893;-3.91599;4.07788;
0.0113206;-7.49005;-0.154198;-4.40043;4.56332;
0.0113306;-7.19514;-0.154963;-4.86763;5.03098;
0.0113406;-6.87112;-0.155197;-5.31571;5.47893;
0.0113506;-6.51918;-0.154889;-5.74285;5.90539;
0.0113606;-6.14081;-0.15405;-6.14731;6.30859;
0.0113706;-5.7374;-0.152673;-6.52745;6.68692;
0.0113806;-5.31064;-0.150774;-6.88174;7.03882;
0.0113906;-4.86214;-0.148349;-7.2087;7.36287;
0.0114006;-4.39376;-0.145416;-7.50702;7.65773;
0.0114106;-3.90729;-0.141976;-7.77547;7.92221;
0.0114206;-3.40474;-0.13805;-8.01295;8.15518;
0.0114247;-3.19493;-0.136308;-8.10083;8.2411;
0.0114269;-3.08165;-0.135346;-8.14523;8.28433;
0.011428;-3.02053;-0.134817;-8.16784;8.30626;
0.0114291;-2.96328;-0.134319;-8.18781;8.32554;
0.0114303;-2.90432;-0.133798;-8.20662;8.34355;
0.0114314;-2.84807;-0.133296;-8.22256;8.35872;
0.0114331;-2.7545;-0.13244;-8.24447;8.3794;
0.0114352;-2.64717;-0.131425;-8.26327;8.39698;
0.0114379;-2.5056;-0.130022;-8.28075;8.41315;
0.0114407;-2.3562;-0.128456;-8.29359;8.4248;
0.0114445;-2.1536;-0.126183;-8.30577;8.43544;
0.0114493;-1.90366;-0.123145;-8.31626;8.44401;
0.0114554;-1.57746;-0.118815;-8.32605;8.45106;
0.0114635;-1.14983;-0.112576;-8.33536;8.45642;
0.0114735;-0.618808;-0.104094;-8.34396;8.45952;
0.0114835;-0.0873001;-0.0950032;-8.35048;8.45998;
0.0114935;0.444566;-0.085537;-8.35533;8.45809;
0.0115035;0.976687;-0.075931;-8.35835;8.45334;
0.0115135;1.50891;-0.06642;-8.35862;8.44383;
0.0115201;1.86139;-0.0602821;-8.35569;8.43205;
0.0115251;2.12645;-0.0557901;-8.34907;8.41613;
0.0115278;2.27281;-0.0533599;-8.34098;8.40101;
0.0115295;2.35968;-0.0519317;-8.33248;8.3876;
0.0115306;2.41831;-0.0509708;-8.32388;8.37562;
0.0115317;2.4793;-0.0499701;-8.31154;8.36027;
0.0115324;2.51262;-0.0494215;-8.30327;8.35083;
0.0115328;2.53819;-0.049002;-8.29643;8.34329;
0.0115335;2.57031;-0.0484734;-8.28744;8.33355;
0.0115342;2.60831;-0.047848;-8.27641;8.32176;
0.0115349;2.64663;-0.0472157;-8.26504;8.30966;
0.0115361;2.70827;-0.0461957;-8.2462;8.28969;
0.0115372;2.76966;-0.0451749;-8.22696;8.26935;
0.0115384;2.83078;-0.0441554;-8.20725;8.24853;
0.0115399;2.90664;-0.0428822;-8.18209;8.22203;
0.0115413;2.98325;-0.041591;-8.15589;8.19442;
0.0115435;3.09586;-0.0396777;-8.1159;8.15242;
0.0115462;3.2353;-0.037289;-8.06396;8.0979;
0.0115503;3.44512;-0.0336445;-7.98056;8.01064;
0.0115566;3.76145;-0.0280396;-7.84262;7.8667;
0.0115658;4.21416;-0.019761;-7.61809;7.6334;
0.0115758;4.69063;-0.0107022;-7.34439;7.35006;
0.0115858;5.14874;-0.00161352;-7.04091;7.03699;
0.0115958;5.58662;0.0074694;-6.70889;6.69535;
0.0116058;6.00251;0.0165203;-6.34961;6.32655;
0.0116158;6.3947;0.0255037;-5.96451;5.93199;
0.0116258;6.76162;0.0343936;-5.5551;5.51328;
0.0116358;7.10174;0.0431553;-5.12303;5.07202;
0.0116458;7.41371;0.0517634;-4.66998;4.61002;
0.0116558;7.69621;0.0601841;-4.19779;4.12905;
0.0116658;7.94811;0.0683933;-3.70832;3.63108;
0.0116758;8.16835;0.0763589;-3.20354;3.11805;
0.0116799;8.24981;0.0795883;-2.99081;2.90201;
0.011682;8.28755;0.0812189;-2.88464;2.79414;
0.0116832;8.3084;0.0822251;-2.82234;2.73082;
0.0116843;8.32637;0.083215;-2.76505;2.6725;
0.0116854;8.34333;0.0843476;-2.70588;2.61219;
0.0116867;8.35956;0.0857371;-2.6417;2.54659;
0.0116885;8.37917;0.0881225;-2.54709;2.44956;
0.0116913;8.40073;0.0924306;-2.40173;2.29985;
0.0116943;8.41608;0.0975471;-2.24553;2.13852;
0.0116974;8.42678;0.102981;-2.08458;1.97212;
0.0117017;8.43679;0.110487;-1.8591;1.73913;
0.0117076;8.44531;0.120071;-1.55142;1.42185;
0.0117163;8.45232;0.132347;-1.09534;0.953489;
0.0117263;8.45592;0.143283;-0.568;0.415193;
0.0117363;8.45641;0.150629;-0.0369321;-0.123229;
0.0117463;8.45415;0.154317;0.497733;-0.6616;
0.0117563;8.4484;0.15441;1.03575;-1.19971;
0.0117663;8.4363;0.151186;1.57651;-1.73727;
0.0117741;8.41557;0.147124;1.99528;-2.15198;
0.0117772;8.39895;0.145636;2.16294;-2.31814;
0.0117789;8.38481;0.145125;2.25583;-2.41052;
0.0117801;8.37209;0.145007;2.31867;-2.47324;
0.0117812;8.357;0.145113;2.37991;-2.53457;
0.0117818;8.34919;0.145217;2.40869;-2.56345;
0.0117824;8.33977;0.145364;2.44201;-2.59691;
0.0117831;8.32907;0.145541;2.47871;-2.63377;
0.0117837;8.31905;0.145708;2.51232;-2.66754;
0.0117848;8.30238;0.145985;2.56684;-2.72232;
0.0117858;8.28511;0.146263;2.62209;-2.77783;
0.0117869;8.26694;0.146545;2.67862;-2.83462;
0.0117886;8.23714;0.146987;2.76865;-2.92506;
0.0117902;8.20847;0.147382;2.85227;-3.00905;
0.0117934;8.14857;0.14814;3.01865;-3.17612;
0.0117974;8.06931;0.149005;3.22403;-3.38229;
0.0118017;7.97861;0.149845;3.44187;-3.60087;
0.0118079;7.83632;0.150892;3.75402;-3.91393;
0.0118149;7.66199;0.151832;4.09769;-4.25834;
0.0118246;7.39518;0.152705;4.56147;-4.72271;
0.0118346;7.09022;0.153091;5.02271;-5.18401;
0.0118446;6.75652;0.152947;5.46419;-5.62498;
0.0118546;6.39538;0.152278;5.88411;-6.04384;
0.0118646;6.00824;0.151083;6.28078;-6.43888;
0.0118746;5.59661;0.14937;6.65257;-6.80851;
0.0118846;5.16215;0.147142;6.99797;-7.15121;
0.0118946;4.70656;0.14441;7.31558;-7.46557;
0.0119046;4.23167;0.141179;7.60409;-7.75032;
0.0119146;3.73936;0.137465;7.86232;-8.00429;
0.0119246;3.2316;0.133276;8.08916;-8.22637;
0.011928;3.05525;0.131748;8.1584;-8.29382;
0.0119295;2.97696;0.131056;8.18637;-8.32078;
0.011931;2.89965;0.130361;8.21125;-8.34475;
0.0119323;2.82933;0.129722;8.23069;-8.3631;
0.0119337;2.75929;0.129067;8.24669;-8.3783;
0.0119351;2.6808;0.128323;8.26129;-8.39193;
0.0119371;2.57915;0.12732;8.27576;-8.40545;
0.0119394;2.45624;0.126062;8.28875;-8.4174;
0.0119427;2.28101;0.124155;8.30182;-8.4292;
0.0119471;2.04938;0.121446;8.31369;-8.43941;
0.0119529;1.74062;0.117497;8.32451;-8.44792;
0.0119597;1.38291;0.11249;8.33346;-8.45387;
0.0119697;0.851968;0.104311;8.34309;-8.45849;
0.0119797;0.32051;0.0954394;8.35024;-8.46002;
0.0119897;-0.211369;0.0860983;8.35565;-8.45917;
0.0119997;-0.74352;0.076532;8.35939;-8.45581;
0.0120097;-1.27586;0.0669683;8.36101;-8.44877;
0.0120185;-1.7433;0.0587616;8.35923;-8.43675;
0.0120234;-2.00388;0.0543162;8.35518;-8.42463;
0.0120271;-2.20225;0.0510117;8.34802;-8.40911;
0.0120291;-2.31017;0.0492404;8.34053;-8.39568;
0.0120305;-2.3838;0.0480414;8.33222;-8.38288;
0.0120315;-2.43575;0.0471961;8.32384;-8.37139;
0.0120325;-2.48715;0.0463588;8.31293;-8.35795;
0.012033;-2.51592;0.0458888;8.30573;-8.34973;
0.0120335;-2.54249;0.0454559;8.2986;-8.34186;
0.0120341;-2.57329;0.0449533;8.28996;-8.33249;
0.0120348;-2.60943;0.0443632;8.27947;-8.32128;
0.0120355;-2.64639;0.0437587;8.2685;-8.3096;
0.0120368;-2.71823;0.0425793;8.24648;-8.28628;
0.012038;-2.78131;0.0415395;8.22665;-8.26533;
0.0120392;-2.84288;0.0405203;8.20668;-8.24423;
0.0120404;-2.9068;0.0394568;8.18543;-8.22189;
0.0120416;-2.96862;0.0384256;8.16435;-8.19966;
0.0120431;-3.0445;0.0371511;8.13774;-8.17173;
0.0120448;-3.13058;0.0357001;8.10662;-8.13902;
0.012047;-3.24615;0.0337345;8.06318;-8.09352;
0.0120502;-3.40929;0.0309357;7.99865;-8.02596;
0.0120547;-3.63626;0.0269815;7.90239;-7.92552;
0.0120614;-3.97064;0.0210334;7.74635;-7.76311;
0.0120714;-4.45575;0.0121074;7.48773;-7.49504;
0.0120814;-4.92344;0.00315312;7.19881;-7.19659;
0.0120914;-5.37182;-0.00580504;6.88066;-6.869;
0.0121014;-5.79905;-0.0147306;6.53461;-6.51349;
0.0121114;-6.20343;-0.0235995;6.16196;-6.13153;
0.0121214;-6.58327;-0.0323755;5.76424;-5.72456;
0.0121314;-6.93706;-0.041035;5.34299;-5.29426;
0.0121414;-7.26333;-0.0495426;4.89991;-4.84225;
0.0121514;-7.56077;-0.0578756;4.43674;-4.37042;
0.0121614;-7.82813;-0.0659995;3.95535;-3.88056;
0.0121714;-8.06433;-0.0738932;3.45763;-3.37469;
0.0121814;-8.26814;-0.0815481;2.94564;-2.85476;
0.0121843;-8.32014;-0.0839761;2.79124;-2.69789;
0.012186;-8.34529;-0.0855956;2.70422;-2.60919;
0.0121876;-8.36544;-0.0874177;2.62158;-2.52472;
0.0121894;-8.38388;-0.0898971;2.526;-2.42661;
0.0121921;-8.40304;-0.09403;2.38813;-2.2846;
0.012195;-8.41708;-0.098878;2.23929;-2.13088;
0.0121982;-8.42792;-0.104535;2.07021;-1.95614;
0.0122027;-8.4378;-0.112168;1.83743;-1.7157;
0.0122088;-8.44614;-0.12183;1.52062;-1.38923;
0.0122178;-8.45295;-0.134175;1.04609;-0.902325;
0.0122278;-8.45618;-0.144569;0.518163;-0.364009;
0.0122378;-8.45641;-0.151351;-0.0134677;0.174432;
0.0122478;-8.45388;-0.15448;-0.548695;0.712787;
0.0122578;-8.44772;-0.154018;-1.08722;1.25088;
0.0122678;-8.43475;-0.150294;-1.62843;1.78836;
0.0122747;-8.41559;-0.146479;-1.99999;2.15612;
0.0122777;-8.39987;-0.144982;-2.16024;2.31485;
0.0122794;-8.38582;-0.144396;-2.25466;2.4087;
0.0122806;-8.3737;-0.144236;-2.31589;2.46976;
0.0122817;-8.35851;-0.144297;-2.37853;2.53245;
0.0122823;-8.35014;-0.144393;-2.40952;2.56353;
0.0122829;-8.34189;-0.144507;-2.43882;2.59293;
0.0122835;-8.33176;-0.144659;-2.47373;2.62798;
0.0122843;-8.32032;-0.144836;-2.51219;2.6666;
0.0122851;-8.30727;-0.145035;-2.55511;2.70972;
0.0122865;-8.28354;-0.145391;-2.63083;2.78576;
0.0122878;-8.26103;-0.145707;-2.70069;2.85593;
0.0122892;-8.23796;-0.146019;-2.76998;2.9255;
0.0122907;-8.21143;-0.146357;-2.84756;3.0034;
0.012292;-8.1859;-0.146664;-2.91985;3.07596;
0.0122938;-8.15189;-0.147048;-3.01334;3.1698;
0.0122958;-8.11339;-0.147448;-3.11522;3.27204;
0.0122984;-8.06097;-0.147946;-3.24823;3.40549;
0.0123018;-7.9887;-0.148545;-3.42173;3.57952;
0.0123064;-7.88505;-0.149264;-3.65395;3.81234;
0.0123131;-7.72219;-0.150111;-3.98623;4.1453;
0.0123231;-7.4532;-0.150943;-4.46894;4.62855;
0.0123331;-7.15399;-0.151254;-4.93412;5.09373;
0.0123431;-6.82581;-0.151048;-5.3799;5.53893;
0.0123531;-6.46987;-0.150321;-5.80445;5.96237;
0.0123631;-6.08766;-0.149081;-6.20606;6.36232;
0.0123731;-5.68061;-0.147327;-6.58308;6.73714;
0.0123831;-5.25042;-0.145071;-6.934;7.08532;
0.0123931;-4.79871;-0.142316;-7.25736;7.40543;
0.0124031;-4.32735;-0.139076;-7.55186;7.69616;
0.0124131;-3.83815;-0.135357;-7.81628;7.95632;
0.0124231;-3.33313;-0.131177;-8.04953;8.18482;
0.0124271;-3.12971;-0.129406;-8.13258;8.26586;
0.0124289;-3.03689;-0.128583;-8.16778;8.30001;
0.01243;-2.97858;-0.128057;-8.18849;8.32004;
0.0124311;-2.92267;-0.127551;-8.2069;8.33769;
0.0124321;-2.86559;-0.127025;-8.22376;8.35379;
0.0124336;-2.7886;-0.126308;-8.24314;8.37214;
0.0124363;-2.64913;-0.124959;-8.26901;8.39642;
0.0124392;-2.49505;-0.123393;-8.28781;8.41393;
0.012442;-2.34767;-0.121807;-8.30013;8.42519;
0.0124457;-2.15066;-0.119551;-8.31169;8.43545;
0.012451;-1.87238;-0.116096;-8.32292;8.44476;
0.0124565;-1.57837;-0.112128;-8.33135;8.45098;
0.0124665;-1.04753;-0.10423;-8.34216;8.45722;
0.0124765;-0.516101;-0.0955637;-8.34991;8.45975;
0.0124865;0.0157636;-0.0863578;-8.35577;8.45975;
0.0124965;0.547948;-0.0768472;-8.36002;8.45738;
0.0125065;1.08035;-0.0672686;-8.36245;8.45191;
0.0125165;1.61281;-0.0578555;-8.36193;8.44096;
0.0125224;1.92896;-0.0524352;-8.35856;8.42875;
0.0125268;2.16293;-0.0485322;-8.35194;8.41286;
0.0125293;2.29133;-0.0464324;-8.34438;8.39834;
0.0125307;2.37021;-0.0451538;-8.33645;8.38543;
0.0125318;2.42691;-0.0442381;-8.32805;8.37339;
0.0125329;2.48345;-0.043323;-8.31658;8.35886;
0.0125334;2.51291;-0.0428451;-8.30933;8.35049;
0.012534;2.5405;-0.0423986;-8.30201;8.34234;
0.0125346;2.57283;-0.0418747;-8.29297;8.33251;
0.0125352;2.60825;-0.0413005;-8.28271;8.32154;
0.012536;2.64986;-0.0406251;-8.27035;8.30838;
0.0125374;2.72167;-0.0394547;-8.24831;8.28506;
0.0125388;2.79438;-0.038265;-8.22535;8.2608;
0.0125401;2.86497;-0.037104;-8.2023;8.23648;
0.0125417;2.94565;-0.0357705;-8.17514;8.20792;
0.0125432;3.02518;-0.0344495;-8.1475;8.17883;
0.0125452;3.12778;-0.0327338;-8.11054;8.14007;
0.0125474;3.24403;-0.0307767;-8.0669;8.09432;
0.0125504;3.39519;-0.0282063;-8.00727;8.03197;
0.0125543;3.59252;-0.024811;-7.92444;7.94549;
0.0125595;3.85311;-0.0202496;-7.80607;7.82228;
0.0125669;4.21953;-0.0136819;-7.62151;7.6307;
0.0125769;4.69621;-0.00483794;-7.34722;7.34705;
0.0125869;5.15448;0.00401038;-7.04317;7.03358;
0.0125969;5.59249;0.0128363;-6.7105;6.69161;
0.0126069;6.00845;0.0216068;-6.35058;6.32241;
0.0126169;6.40069;0.0302957;-5.9648;5.9275;
0.0126269;6.7676;0.0388702;-5.5547;5.50837;
0.0126369;7.10768;0.0473048;-5.12191;5.06676;
0.0126469;7.41955;0.0555677;-4.66816;4.60436;
0.0126569;7.70192;0.0636345;-4.19523;4.12305;
0.0126669;7.95363;0.0714744;-3.70505;3.6247;
0.0126769;8.17364;0.0790653;-3.19953;3.11134;
0.0126811;8.25492;0.0821363;-2.9866;2.89522;
0.012683;8.29046;0.0836134;-2.88617;2.79329;
0.0126842;8.31093;0.084566;-2.82475;2.73087;
0.0126853;8.32853;0.085515;-2.7682;2.67335;
0.0126864;8.34503;0.0865981;-2.71014;2.61417;
0.0126877;8.36195;0.0880478;-2.64214;2.54471;
0.0126896;8.3817;0.0905068;-2.54393;2.444;
0.0126923;8.40198;0.0946496;-2.40269;2.2986;
0.0126952;8.41663;0.0995427;-2.25074;2.14172;
0.0126984;8.42742;0.105007;-2.08582;1.97133;
0.0127028;8.43735;0.112443;-1.85761;1.73567;
0.0127088;8.44583;0.121965;-1.54401;1.41254;
0.0127177;8.45277;0.134085;-1.07781;0.934211;
0.0127277;8.45619;0.144505;-0.549929;0.395895;
0.0127377;8.45658;0.151322;-0.0183215;-0.142544;
0.0127477;8.45422;0.154478;0.516887;-0.68092;
0.0127577;8.44835;0.154039;1.05543;-1.21904;
0.0127677;8.43602;0.150298;1.5967;-1.75658;
0.0127752;8.4157;0.146004;2.00352;-2.1591;
0.0127783;8.39923;0.144399;2.16951;-2.32349;
0.01278;8.38512;0.143807;2.26266;-2.41604;
0.0127812;8.37253;0.143637;2.32506;-2.47827;
0.0127823;8.35754;0.143691;2.38601;-2.53926;
0.0127829;8.34954;0.143775;2.41546;-2.56879;
0.0127835;8.3402;0.143895;2.44843;-2.60187;
0.0127842;8.32956;0.144044;2.48488;-2.63845;
0.0127848;8.3197;0.144184;2.51792;-2.67162;
0.0127859;8.30285;0.144423;2.57294;-2.72687;
0.0127869;8.2856;0.14466;2.62804;-2.78218;
0.012788;8.2676;0.144897;2.68393;-2.8383;
0.0127896;8.23885;0.145261;2.77078;-2.92547;
0.0127912;8.21095;0.145586;2.85219;-3.00719;
0.0127943;8.15274;0.146208;3.01421;-3.16977;
0.0127985;8.07004;0.146957;3.2287;-3.38492;
0.0128027;7.97948;0.147638;3.44609;-3.6029;
0.0128092;7.83196;0.148485;3.76902;-3.92652;
0.0128168;7.64068;0.149218;4.1429;-4.30093;
0.0128268;7.36187;0.149725;4.62044;-4.77868;
0.0128368;7.05321;0.149723;5.07984;-5.23773;
0.0128468;6.71594;0.149205;5.51922;-5.67624;
0.0128568;6.35136;0.148181;5.93682;-6.0924;
0.0128668;5.96094;0.146647;6.33092;-6.48455;
0.0128768;5.54621;0.144616;6.69993;-6.85106;
0.0128868;5.10883;0.142088;7.04233;-7.19046;
0.0128968;4.65052;0.139078;7.35674;-7.50134;
0.0129068;4.17312;0.135592;7.64186;-7.78245;
0.0129168;3.67851;0.131646;7.89652;-8.03261;
0.0129268;3.16869;0.127248;8.11956;-8.25067;
0.0129299;3.00837;0.125806;8.18053;-8.30988;
0.0129313;2.9322;0.125108;8.20624;-8.33454;
0.0129328;2.85463;0.124386;8.22915;-8.3565;
0.0129344;2.77223;0.123606;8.24918;-8.37536;
0.012936;2.68703;0.122775;8.26537;-8.39067;
0.0129377;2.59971;0.121905;8.27836;-8.4028;
0.01294;2.47813;0.120639;8.29184;-8.41536;
0.0129431;2.31316;0.118835;8.30483;-8.42723;
0.0129466;2.12573;0.116647;8.31517;-8.43642;
0.0129521;1.83333;0.112962;8.32638;-8.4457;
0.0129588;1.4788;0.108064;8.33576;-8.4525;
0.0129684;0.968237;0.100307;8.34535;-8.45774;
0.0129784;0.436611;0.0915249;8.35262;-8.45985;
0.0129884;-0.0954019;0.082253;8.35811;-8.45951;
0.0129984;-0.627734;0.072717;8.36201;-8.45675;
0.0130084;-1.16024;0.0631635;8.36405;-8.45068;
0.0130184;-1.69278;0.0538155;8.36286;-8.43843;
0.0130246;-2.02037;0.0482669;8.35822;-8.42354;
0.0130282;-2.21467;0.0450638;8.35119;-8.40766;
0.0130303;-2.32626;0.0432577;8.34325;-8.39301;
0.0130316;-2.39171;0.0422034;8.33571;-8.38104;
0.0130327;-2.44997;0.0412685;8.32604;-8.3676;
0.0130337;-2.50606;0.0403643;8.31351;-8.35228;
0.0130342;-2.53004;0.0399773;8.30727;-8.34529;
0.0130348;-2.56343;0.0394411;8.29809;-8.33522;
0.0130354;-2.59371;0.0389526;8.28943;-8.32591;
0.013036;-2.62619;0.0384299;8.2799;-8.31574;
0.0130372;-2.69103;0.0373813;8.26027;-8.29492;
0.0130383;-2.74487;0.0365088;8.24359;-8.27729;
0.0130393;-2.79732;0.0356555;8.22688;-8.25962;
0.0130403;-2.85059;0.0347854;8.20953;-8.24138;
0.0130413;-2.90163;0.0339505;8.19256;-8.22347;
0.0130425;-2.96452;0.0329153;8.17113;-8.20098;
0.0130438;-3.03573;0.0317413;8.14625;-8.1748;
0.0130457;-3.13397;0.0301086;8.11074;-8.13758;
0.0130484;-3.27134;0.0278118;8.05885;-8.0832;
0.0130521;-3.46063;0.0246076;7.98291;-8.00387;
0.0130578;-3.74721;0.0196785;7.85791;-7.87358;
0.0130663;-4.16547;0.0122904;7.65259;-7.66042;
0.0130763;-4.64422;0.0035382;7.38161;-7.3801;
0.0130863;-5.10478;-0.00521792;7.08068;-7.06991;
0.0130963;-5.54526;-0.0139419;6.75103;-6.73099;
0.0131063;-5.9639;-0.0226109;6.39391;-6.36474;
0.0131163;-6.35898;-0.0311894;6.01078;-5.97254;
0.0131263;-6.72889;-0.039655;5.60312;-5.55601;
0.0131363;-7.07213;-0.0479728;5.1726;-5.11673;
0.0131463;-7.38728;-0.0561213;4.72088;-4.65652;
0.0131563;-7.67306;-0.0640668;4.2498;-4.17712;
0.0131663;-7.9283;-0.071789;3.76121;-3.68053;
0.0131763;-8.15193;-0.0792558;3.25708;-3.16864;
0.0131805;-8.23762;-0.0823743;3.03719;-2.94555;
0.013183;-8.28402;-0.0842015;2.90874;-2.81519;
0.0131843;-8.30643;-0.0851996;2.84239;-2.74783;
0.0131856;-8.32805;-0.0863124;2.77388;-2.67816;
0.0131868;-8.34592;-0.0874751;2.71078;-2.61388;
0.0131879;-8.36066;-0.0887153;2.65177;-2.5536;
0.0131902;-8.38396;-0.0916223;2.53494;-2.43383;
0.0131925;-8.40099;-0.0951047;2.41557;-2.31095;
0.0131957;-8.41712;-0.100422;2.24885;-2.13889;
0.0131987;-8.42739;-0.10561;2.09116;-1.976;
0.0132032;-8.43754;-0.113163;1.8573;-1.73457;
0.0132089;-8.44557;-0.122052;1.56269;-1.43106;
0.0132161;-8.45168;-0.13206;1.18418;-1.04254;
0.0132261;-8.45583;-0.143032;0.656892;-0.504268;
0.0132361;-8.45677;-0.15042;0.125862;0.0341699;
0.0132461;-8.455;-0.154154;-0.408803;0.572575;
0.0132561;-8.44998;-0.15426;-0.946874;1.11077;
0.0132661;-8.43945;-0.150975;-1.48785;1.64847;
0.0132761;-8.41392;-0.145238;-2.03016;2.18505;
0.0132793;-8.39512;-0.143598;-2.20319;2.35643;
0.013281;-8.37984;-0.14311;-2.2937;2.44645;
0.0132821;-8.36698;-0.143019;-2.35181;2.50447;
0.0132831;-8.35313;-0.143109;-2.40527;2.558;
0.0132835;-8.34714;-0.14317;-2.42694;2.57973;
0.0132842;-8.33605;-0.143307;-2.46555;2.61846;
0.0132848;-8.32767;-0.143417;-2.4941;2.64711;
0.0132854;-8.31809;-0.143542;-2.52602;2.67916;
0.0132864;-8.30082;-0.143773;-2.58222;2.73556;
0.0132875;-8.28287;-0.143999;-2.63928;2.79283;
0.0132886;-8.26437;-0.144226;-2.69651;2.85027;
0.0132901;-8.23887;-0.144522;-2.77333;2.92736;
0.0132915;-8.21373;-0.144796;-2.84675;3.00103;
0.0132942;-8.16407;-0.145293;-2.98592;3.14065;
0.0132976;-8.09719;-0.145874;-3.16249;3.31772;
0.0133044;-7.952;-0.146862;-3.5112;3.66727;
0.0133144;-7.71276;-0.147878;-4.00925;4.16608;
0.0133244;-7.4423;-0.14839;-4.49163;4.64869;
0.0133344;-7.14167;-0.148393;-4.95639;5.11312;
0.0133444;-6.81207;-0.147891;-5.40163;5.5575;
0.0133544;-6.45479;-0.146884;-5.82554;5.98002;
0.0133644;-6.07124;-0.145378;-6.22642;6.37896;
0.0133744;-5.66294;-0.143376;-6.60261;6.7527;
0.0133844;-5.23151;-0.140887;-6.9526;7.09972;
0.0133944;-4.77866;-0.137917;-7.27494;7.41859;
0.0134044;-4.30621;-0.13448;-7.56832;7.70801;
0.0134144;-3.81601;-0.130585;-7.83154;7.96679;
0.0134244;-3.31005;-0.126247;-8.0635;8.19384;
0.0134284;-3.10663;-0.124423;-8.1458;8.27406;
0.0134301;-3.01763;-0.123611;-8.17903;8.30624;
0.0134313;-2.95622;-0.123043;-8.20034;8.32682;
0.0134323;-2.89909;-0.122511;-8.21845;8.34412;
0.0134335;-2.84103;-0.121961;-8.23472;8.35965;
0.0134353;-2.74188;-0.121007;-8.25744;8.3811;
0.013438;-2.60247;-0.119612;-8.28;8.4023;
0.0134408;-2.45617;-0.118076;-8.29588;8.41713;
0.0134438;-2.29722;-0.11631;-8.30783;8.4281;
0.0134475;-2.10255;-0.114012;-8.31817;8.43729;
0.0134528;-1.82038;-0.110414;-8.32862;8.44599;
0.0134582;-1.53452;-0.106473;-8.33624;8.45163;
0.0134682;-1.00339;-0.0984498;-8.3464;8.45749;
0.0134782;-0.47171;-0.089696;-8.35368;8.45979;
0.0134882;0.0603826;-0.0804397;-8.35916;8.45961;
0.0134982;0.592773;-0.070918;-8.36308;8.45701;
0.0135082;1.12536;-0.0613669;-8.36522;8.45121;
0.0135182;1.65798;-0.0520209;-8.36434;8.43953;
0.0135238;1.95947;-0.0469047;-8.36084;8.42704;
0.0135279;2.17729;-0.0433101;-8.35445;8.41138;
0.0135302;2.29759;-0.0413636;-8.34734;8.39725;
0.0135316;2.37384;-0.0401409;-8.33979;8.38449;
0.0135327;2.42923;-0.039256;-8.33171;8.37256;
0.0135337;2.48399;-0.0383793;-8.3208;8.35839;
0.0135343;2.51365;-0.0379031;-8.31359;8.34995;
0.0135348;2.54146;-0.0374582;-8.30626;8.34172;
0.0135354;2.57343;-0.036946;-8.29735;8.33201;
0.0135361;2.61057;-0.0363511;-8.2866;8.32049;
0.0135369;2.65205;-0.0356858;-8.27427;8.30737;
0.0135382;2.72025;-0.0345882;-8.25335;8.28523;
0.0135396;2.79404;-0.0333961;-8.23004;8.26063;
0.013541;2.86617;-0.0322254;-8.2065;8.2358;
0.0135427;2.95899;-0.0307109;-8.17515;8.20285;
0.0135446;3.05359;-0.0291588;-8.142;8.16802;
0.0135473;3.19499;-0.0268201;-8.09012;8.11366;
0.0135507;3.36915;-0.0239111;-8.02237;8.04277;
0.0135557;3.62388;-0.0195927;-7.91531;7.93113;
0.0135631;3.99162;-0.0132216;-7.74344;7.75244;
0.0135731;4.4765;-0.00454757;-7.48325;7.48303;
0.0135831;4.94386;0.00412891;-7.19273;7.18328;
0.0135931;5.3918;0.0127808;-6.87301;6.8544;
0.0136031;5.8185;0.021377;-6.52537;6.49764;
0.0136131;6.22223;0.0298908;-6.15115;6.11446;
0.0136231;6.60134;0.0382915;-5.75188;5.70632;
0.0136331;6.9543;0.0465534;-5.32911;5.27489;
0.0136431;7.27964;0.0546463;-4.88454;4.82183;
0.0136531;7.57605;0.0625457;-4.41993;4.34898;
0.0136631;7.84231;0.0702226;-3.93716;3.85819;
0.0136731;8.07731;0.077654;-3.43811;3.35145;
0.0136808;8.23761;0.0832454;-3.04046;2.94799;
0.0136837;8.29008;0.0852931;-2.89455;2.79998;
0.0136851;8.31423;0.0863923;-2.82171;2.72599;
0.0136863;8.33411;0.0874739;-2.75676;2.65995;
0.0136876;8.35226;0.0887464;-2.68991;2.59178;
0.0136888;8.3676;0.090194;-2.62427;2.52468;
0.0136914;8.39113;0.093625;-2.49323;2.39016;
0.0136941;8.40825;0.0978614;-2.35334;2.24603;
0.013697;8.4211;0.102852;-2.19856;2.08622;
0.0137006;8.43143;0.108845;-2.01487;1.89654;
0.0137056;8.44092;0.117003;-1.75541;1.6289;
0.0137124;8.4488;0.127221;-1.39692;1.26019;
0.0137224;8.45471;0.13944;-0.871011;0.722038;
0.0137324;8.45681;0.14816;-0.34134;0.183645;
0.0137424;8.45613;0.153232;0.192014;-0.354804;
0.0137524;8.45257;0.154654;0.728895;-0.89311;
0.0137624;8.44477;0.152548;1.26893;-1.43107;
0.0137724;8.42777;0.14742;1.81123;-1.96823;
0.0137772;8.41061;0.144467;2.07027;-2.22433;
0.0137797;8.39563;0.143211;2.2028;-2.35558;
0.0137812;8.38223;0.14271;2.28436;-2.43665;
0.0137822;8.37065;0.142573;2.33928;-2.49142;
0.0137832;8.35671;0.142605;2.39494;-2.54711;
0.0137837;8.35067;0.142658;2.41719;-2.5694;
0.0137842;8.34279;0.14274;2.44515;-2.59744;
0.0137848;8.33343;0.142851;2.4774;-2.62979;
0.0137854;8.32345;0.142974;2.51102;-2.66352;
0.0137861;8.31258;0.143108;2.5469;-2.69952;
0.0137873;8.2935;0.143343;2.60831;-2.76115;
0.0137885;8.27385;0.143571;2.67005;-2.8231;
0.0137899;8.2491;0.143847;2.74535;-2.89865;
0.0137917;8.21729;0.144176;2.83905;-2.99264;
0.0137934;8.18565;0.144478;2.92881;-3.08268;
0.0137963;8.1301;0.144955;3.07948;-3.23377;
0.0137997;8.06285;0.145451;3.25121;-3.40593;
0.0138057;7.93219;0.146207;3.5579;-3.71323;
0.0138157;7.68999;0.147053;4.05477;-4.21069;
0.0138257;7.41669;0.1474;4.53579;-4.69176;
0.0138357;7.1133;0.147243;4.99898;-5.15447;
0.0138457;6.78105;0.146587;5.44249;-5.59696;
0.0138557;6.42121;0.145431;5.8645;-6.01742;
0.0138657;6.03526;0.143783;6.2633;-6.41415;
0.0138757;5.62467;0.141646;6.63727;-6.78553;
0.0138857;5.19113;0.139029;6.98488;-7.13004;
0.0138957;4.73629;0.13594;7.30471;-7.44627;
0.0139057;4.26204;0.132392;7.59545;-7.73294;
0.0139157;3.77019;0.128394;7.85591;-7.98885;
0.0139257;3.26278;0.123962;8.08499;-8.21292;
0.0139296;3.06171;0.122129;8.16469;-8.29052;
0.0139312;2.97674;0.121343;8.19519;-8.31991;
0.0139325;2.90697;0.120685;8.21784;-8.34175;
0.0139339;2.83412;0.119995;8.23837;-8.36119;
0.0139352;2.76719;0.119343;8.254;-8.37607;
0.0139368;2.68455;0.118528;8.26967;-8.3908;
0.013939;2.5647;0.117299;8.2865;-8.40664;
0.0139419;2.41324;0.115677;8.30131;-8.42044;
0.0139451;2.24331;0.113743;8.31278;-8.43096;
0.0139493;2.02359;0.11108;8.32317;-8.44011;
0.0139557;1.68243;0.106571;8.33412;-8.44897;
0.013963;1.29719;0.101;8.34271;-8.45478;
0.013973;0.765694;0.092603;8.35123;-8.45883;
0.013983;0.23374;0.0835872;8.35754;-8.45996;
0.013993;-0.298577;0.0741781;8.36223;-8.45873;
0.014003;-0.831131;0.0646208;8.36536;-8.45487;
0.014013;-1.36383;0.0551442;8.36638;-8.44697;
0.0140214;-1.81344;0.0473838;8.36406;-8.43392;
0.014026;-2.05879;0.043286;8.35974;-8.4209;
0.0140292;-2.23067;0.0404857;8.35308;-8.40574;
0.0140311;-2.32696;0.03894;8.34623;-8.39268;
0.0140323;-2.39479;0.0378593;8.33858;-8.38015;
0.0140333;-2.4455;0.0370523;8.33045;-8.36845;
0.0140342;-2.4931;0.0362932;8.32042;-8.35569;
0.0140347;-2.52109;0.035846;8.31347;-8.34763;
0.0140353;-2.54949;0.0353937;8.30589;-8.33916;
0.0140358;-2.58029;0.0349026;8.29723;-8.32976;
0.0140366;-2.62015;0.034267;8.28562;-8.31734;
0.0140374;-2.66049;0.033623;8.27358;-8.30454;
0.0140387;-2.73031;0.0325045;8.25207;-8.28178;
0.0140401;-2.80285;0.0313382;8.22906;-8.25751;
0.0140414;-2.87425;0.0301848;8.20567;-8.23285;
0.0140431;-2.96352;0.0287357;8.17544;-8.2011;
0.0140449;-3.05518;0.0272401;8.14329;-8.16731;
0.0140475;-3.18893;0.0250411;8.09426;-8.11596;
0.0140508;-3.35738;0.0222462;8.02893;-8.04762;
0.0140557;-3.60833;0.0180228;7.92397;-7.93817;
0.0140633;-3.98913;0.0114743;7.74653;-7.75371;
0.0140733;-4.4742;0.00286348;7.48642;-7.48446;
0.0140833;-4.94176;-0.00574305;7.19597;-7.18483;
0.0140933;-5.38991;-0.0143192;6.8763;-6.85609;
0.0141033;-5.81682;-0.0228335;6.52868;-6.49943;
0.0141133;-6.22076;-0.0312605;6.15448;-6.11636;
0.0141233;-6.60009;-0.0395689;5.7552;-5.7083;
0.0141333;-6.95325;-0.0477342;5.33241;-5.27694;
0.0141433;-7.2788;-0.055726;4.8878;-4.82394;
0.0141533;-7.57542;-0.0635209;4.42313;-4.35114;
0.0141633;-7.84187;-0.0710895;3.94028;-3.86038;
0.0141733;-8.07707;-0.0784101;3.44115;-3.35366;
0.0141813;-8.24162;-0.0840631;3.03241;-2.93904;
0.0141841;-8.29334;-0.0860671;2.88784;-2.79242;
0.0141857;-8.31971;-0.087284;2.80728;-2.7106;
0.0141869;-8.33912;-0.0883935;2.74208;-2.64427;
0.0141882;-8.35656;-0.0896956;2.67553;-2.57638;
0.0141897;-8.37359;-0.091462;2.5983;-2.49737;
0.0141926;-8.3983;-0.0956895;2.44414;-2.33893;
0.0141958;-8.4151;-0.100757;2.28157;-2.17129;
0.0141988;-8.42586;-0.105784;2.12641;-2.01107;
0.0142029;-8.43597;-0.112748;1.90949;-1.78718;
0.0142086;-8.44469;-0.121695;1.61276;-1.48148;
0.0142169;-8.45192;-0.133084;1.17821;-1.03554;
0.0142269;-8.456;-0.14375;0.650611;-0.497254;
0.0142369;-8.45688;-0.150838;0.119261;0.0411844;
0.0142469;-8.45508;-0.154257;-0.415715;0.579604;
0.0142569;-8.45003;-0.154058;-0.954105;1.1178;
0.0142669;-8.43945;-0.15046;-1.49539;1.65551;
0.0142769;-8.41376;-0.144433;-2.03799;2.19207;
0.0142802;-8.39429;-0.142683;-2.21438;2.36672;
0.0142818;-8.37953;-0.142196;-2.30041;2.45225;
0.0142829;-8.36574;-0.14208;-2.36197;2.5137;
0.014284;-8.35061;-0.142168;-2.41932;2.57111;
0.0142844;-8.3448;-0.142221;-2.44013;2.59197;
0.0142851;-8.33451;-0.142331;-2.47568;2.62762;
0.0142855;-8.32734;-0.142415;-2.50001;2.65202;
0.0142861;-8.31834;-0.142518;-2.52995;2.68207;
0.0142869;-8.30484;-0.142677;-2.57398;2.72624;
0.0142878;-8.2907;-0.142836;-2.61923;2.77163;
0.0142893;-8.26488;-0.143119;-2.69939;2.85205;
0.0142908;-8.23896;-0.14338;-2.77751;2.93041;
0.0142923;-8.21206;-0.143637;-2.85586;3.00898;
0.0142941;-8.17888;-0.143928;-2.94949;3.10287;
0.0142959;-8.14502;-0.144201;-3.04152;3.19514;
0.0142982;-8.09923;-0.144535;-3.16137;3.31527;
0.0143009;-8.04427;-0.144885;-3.29852;3.45272;
0.0143043;-7.9697;-0.145288;-3.47474;3.62925;
0.0143089;-7.86539;-0.145727;-3.70467;3.85952;
0.0143149;-7.71702;-0.146151;-4.00462;4.15974;
0.0143243;-7.465;-0.146442;-4.45715;4.61229;
0.0143343;-7.16653;-0.146272;-4.92359;5.07823;
0.0143443;-6.83894;-0.145604;-5.37064;5.52426;
0.0143543;-6.48359;-0.144443;-5.79648;5.94855;
0.0143643;-6.10181;-0.142792;-6.19939;6.34938;
0.0143743;-5.69518;-0.140658;-6.57771;6.72512;
0.0143843;-5.26525;-0.138047;-6.92991;7.07424;
0.0143943;-4.8138;-0.13497;-7.25456;7.3953;
0.0144043;-4.34254;-0.131436;-7.55031;7.687;
0.0144143;-3.85344;-0.127459;-7.81596;7.94812;
0.0144243;-3.34837;-0.12305;-8.05041;8.1776;
0.0144283;-3.14097;-0.121163;-8.13556;8.26061;
0.0144301;-3.0472;-0.120295;-8.17139;8.29538;
0.0144312;-2.98983;-0.119759;-8.19205;8.31536;
0.0144323;-2.9357;-0.119248;-8.21025;8.33285;
0.0144333;-2.88009;-0.118719;-8.22723;8.34909;
0.0144347;-2.80982;-0.118041;-8.24583;8.36676;
0.0144368;-2.70083;-0.116964;-8.26836;8.38804;
0.0144394;-2.5618;-0.115535;-8.28833;8.40686;
0.0144421;-2.41753;-0.113979;-8.30242;8.42006;
0.0144454;-2.24197;-0.111976;-8.31429;8.43098;
0.0144496;-2.0214;-0.109287;-8.32462;8.44016;
0.0144556;-1.70141;-0.105056;-8.33492;8.44857;
0.0144629;-1.3169;-0.0995034;-8.34354;8.45455;
0.0144729;-0.785352;-0.0911205;-8.35208;8.45874;
0.0144829;-0.253339;-0.0821128;-8.35835;8.45996;
0.0144929;0.279026;-0.0727136;-8.36303;8.45882;
0.0145029;0.811638;-0.06316;-8.36616;8.45507;
0.0145129;1.34439;-0.0536892;-8.36726;8.44735;
0.0145214;1.79911;-0.0458437;-8.36511;8.43447;
0.0145266;2.07307;-0.0412816;-8.3603;8.41987;
0.0145297;2.23938;-0.0385831;-8.35366;8.40467;
0.0145315;2.33662;-0.03703;-8.34649;8.39101;
0.0145327;2.39965;-0.0360294;-8.33919;8.37901;
0.0145337;2.45494;-0.0351532;-8.33004;8.36592;
0.0145347;2.50768;-0.0343147;-8.31838;8.35138;
0.0145352;2.53287;-0.0339134;-8.31188;8.34401;
0.0145358;2.56573;-0.0333929;-8.30288;8.33409;
0.0145366;2.60398;-0.032785;-8.2919;8.32228;
0.0145373;2.64172;-0.0321861;-8.28076;8.31041;
0.0145382;2.69295;-0.03137;-8.26522;8.29392;
0.0145394;2.75276;-0.0304149;-8.24659;8.27425;
0.0145405;2.8127;-0.0294546;-8.22742;8.25402;
0.0145425;2.91556;-0.0277978;-8.19334;8.21818;
0.0145447;3.02921;-0.0259565;-8.15406;8.17691;
0.0145481;3.20717;-0.0230458;-8.08891;8.10865;
0.0145532;3.46749;-0.01873;-7.98557;8.00068;
0.0145597;3.79398;-0.0132111;-7.8418;7.85103;
0.0145697;4.28551;-0.00466075;-7.59389;7.59399;
0.0145797;4.76028;0.00389394;-7.31517;7.30617;
0.0145897;5.21637;0.012421;-7.00678;6.98872;
0.0145997;5.65193;0.0208954;-6.6699;6.64286;
0.0146097;6.06519;0.0292855;-6.3059;6.26998;
0.0146197;6.45446;0.0375667;-5.91618;5.87152;
0.0146297;6.81815;0.0457082;-5.50233;5.4491;
0.0146397;7.15479;0.0536861;-5.06596;5.00436;
0.0146497;7.46298;0.0614708;-4.60885;4.53909;
0.0146597;7.74148;0.0690394;-4.13277;4.05512;
0.0146697;7.98912;0.0763639;-3.63968;3.5544;
0.0146797;8.20487;0.0834248;-3.1315;3.0389;
0.0146836;8.28034;0.0861667;-2.92792;2.83247;
0.0146853;8.3104;0.0874503;-2.83888;2.74211;
0.0146866;8.33114;0.088509;-2.77234;2.67449;
0.0146878;8.3483;0.0896248;-2.71074;2.61173;
0.014689;8.3635;0.0909237;-2.64852;2.54821;
0.0146914;8.38725;0.0940178;-2.5243;2.42084;
0.0146941;8.40591;0.0981994;-2.38188;2.27423;
0.0146971;8.41954;0.103103;-2.22711;2.11452;
0.0147004;8.42991;0.108704;-2.05371;1.93552;
0.0147052;8.43969;0.116522;-1.80438;1.67835;
0.0147116;8.44773;0.126175;-1.46834;1.33266;
0.0147216;8.45429;0.138627;-0.94272;0.794557;
0.0147316;8.4568;0.14761;-0.413323;0.256178;
0.0147416;8.45648;0.15295;0.119772;-0.282283;
0.0147516;8.45336;0.154634;0.656427;-0.820624;
0.0147616;8.44631;0.152758;1.19631;-1.35865;
0.0147716;8.43126;0.147743;1.73865;-1.89598;
0.0147772;8.41366;0.144168;2.04002;-2.19378;
0.0147799;8.39864;0.142649;2.18502;-2.33725;
0.0147815;8.3849;0.141995;2.27442;-2.42601;
0.0147826;8.37331;0.141783;2.33187;-2.48323;
0.0147837;8.35863;0.141763;2.39197;-2.54331;
0.0147843;8.3511;0.141813;2.4198;-2.57117;
0.0147848;8.3437;0.141879;2.44612;-2.59755;
0.0147854;8.33405;0.141979;2.47937;-2.63089;
0.014786;8.32407;0.142088;2.51298;-2.6646;
0.0147867;8.31328;0.142206;2.54862;-2.70035;
0.014788;8.29111;0.14245;2.61975;-2.7717;
0.0147893;8.26935;0.14267;2.68782;-2.83997;
0.0147905;8.24905;0.14287;2.74927;-2.9016;
0.0147919;8.22427;0.143099;2.82254;-2.97507;
0.0147932;8.20064;0.143302;2.8903;-3.04301;
0.014795;8.16657;0.143576;2.98516;-3.1381;
0.0147972;8.12524;0.143873;3.0957;-3.24891;
0.0148003;8.06163;0.144274;3.25767;-3.4112;
0.0148051;7.95862;0.144787;3.50162;-3.65556;
0.0148133;7.76629;0.145403;3.90973;-4.06408;
0.0148233;7.50203;0.145703;4.39592;-4.55029;
0.0148333;7.20739;0.145512;4.86485;-5.01871;
0.0148433;6.88345;0.144825;5.31463;-5.46745;
0.0148533;6.53158;0.143651;5.74342;-5.89468;
0.0148633;6.15308;0.141988;6.14949;-6.29868;
0.0148733;5.74952;0.139849;6.53118;-6.67777;
0.0148833;5.32244;0.137234;6.88693;-7.03044;
0.0148933;4.87361;0.13416;7.21529;-7.35523;
0.0149033;4.40474;0.13063;7.51492;-7.6508;
0.0149133;3.91776;0.126664;7.78458;-7.91595;
0.0149233;3.41456;0.122267;8.02317;-8.14959;
0.0149276;3.19441;0.120264;8.11559;-8.23974;
0.0149298;3.07781;0.119181;8.16125;-8.28414;
0.014931;3.01393;0.118583;8.18483;-8.30696;
0.0149323;2.94976;0.117974;8.20699;-8.32833;
0.0149334;2.89153;0.117419;8.22524;-8.34576;
0.0149345;2.8334;0.116855;8.24128;-8.36107;
0.0149365;2.72524;0.115789;8.26529;-8.38377;
0.0149393;2.58077;0.114305;8.28739;-8.40464;
0.0149421;2.43092;0.112692;8.30263;-8.41897;
0.0149452;2.26643;0.110818;8.31416;-8.42965;
0.0149489;2.07012;0.108445;8.32387;-8.4384;
0.0149553;1.73485;0.104049;8.33517;-8.44784;
0.014961;1.42832;0.0996853;8.3424;-8.45311;
0.014971;0.896829;0.0914472;8.35149;-8.45811;
0.014981;0.364845;0.0825428;8.35807;-8.45987;
0.014991;-0.167509;0.0732022;8.363;-8.45922;
0.015001;-0.700126;0.0636641;8.36642;-8.45608;