frequency;V(/BPF) (phase);V(/BPF) (gain);V(/BSF) (phase);V(/BSF) (gain);V(/HPF) (phase);V(/HPF) (gain);V(/LPF) (phase);V(/LPF) (gain);
1;-90.3349;-60.1154;179.994;-0.00013234;179.328;-120.231;-0.0056999;-0.000123882;
1.02329;-90.3276;-59.9154;179.994;-0.000132342;179.343;-119.831;-0.00583267;-0.000123485;
1.04713;-90.3204;-59.7154;179.994;-0.000132344;179.358;-119.431;-0.00596853;-0.00012307;
1.07152;-90.3134;-59.5154;179.994;-0.000132346;179.372;-119.031;-0.00610756;-0.000122635;
1.09648;-90.3065;-59.3154;179.994;-0.000132349;179.386;-118.631;-0.00624982;-0.00012218;
1.12202;-90.2998;-59.1154;179.994;-0.000132351;179.4;-118.231;-0.0063954;-0.000121703;
1.14815;-90.2933;-58.9154;179.993;-0.000132354;179.413;-117.831;-0.00654437;-0.000121204;
1.1749;-90.2869;-58.7154;179.993;-0.000132356;179.426;-117.431;-0.0066968;-0.000120681;
1.20226;-90.2807;-58.5154;179.993;-0.000132359;179.439;-117.031;-0.00685279;-0.000120133;
1.23027;-90.2746;-58.3154;179.993;-0.000132362;179.452;-116.631;-0.00701242;-0.00011956;
1.25893;-90.2687;-58.1154;179.993;-0.000132365;179.464;-116.231;-0.00717576;-0.00011896;
1.28825;-90.2629;-57.9154;179.993;-0.000132368;179.476;-115.831;-0.0073429;-0.000118331;
1.31826;-90.2573;-57.7154;179.992;-0.000132371;179.487;-115.431;-0.00751394;-0.000117673;
1.34896;-90.2517;-57.5154;179.992;-0.000132375;179.499;-115.031;-0.00768896;-0.000116984;
1.38038;-90.2464;-57.3155;179.992;-0.000132379;179.51;-114.631;-0.00786806;-0.000116262;
1.41254;-90.2411;-57.1155;179.992;-0.000132382;179.52;-114.231;-0.00805133;-0.000115506;
1.44544;-90.236;-56.9155;179.992;-0.000132386;179.531;-113.831;-0.00823888;-0.000114715;
1.47911;-90.231;-56.7155;179.992;-0.000132391;179.541;-113.431;-0.00843078;-0.000113886;
1.51356;-90.2261;-56.5155;179.991;-0.000132395;179.551;-113.031;-0.00862716;-0.000113018;
1.54882;-90.2214;-56.3155;179.991;-0.0001324;179.561;-112.631;-0.00882812;-0.00011211;
1.58489;-90.2167;-56.1155;179.991;-0.000132405;179.571;-112.231;-0.00903375;-0.000111158;
1.62181;-90.2122;-55.9155;179.991;-0.00013241;179.58;-111.831;-0.00924417;-0.000110162;
1.65959;-90.2078;-55.7155;179.991;-0.000132415;179.589;-111.431;-0.0094595;-0.000109119;
1.69824;-90.2035;-55.5155;179.99;-0.00013242;179.598;-111.031;-0.00967984;-0.000108027;
1.7378;-90.1993;-55.3155;179.99;-0.000132426;179.607;-110.631;-0.00990532;-0.000106883;
1.77828;-90.1953;-55.1155;179.99;-0.000132432;179.615;-110.231;-0.010136;-0.000105685;
1.8197;-90.1913;-54.9155;179.99;-0.000132439;179.624;-109.831;-0.0103721;-0.000104431;
1.86209;-90.1874;-54.7155;179.989;-0.000132445;179.632;-109.431;-0.0106137;-0.000103117;
1.90546;-90.1836;-54.5155;179.989;-0.000132452;179.64;-109.031;-0.010861;-0.000101742;
1.94984;-90.1799;-54.3155;179.989;-0.00013246;179.647;-108.631;-0.011114;-0.000100302;
1.99526;-90.1764;-54.1155;179.989;-0.000132467;179.655;-108.231;-0.0113728;-9.87942e-05;
2.04174;-90.1729;-53.9155;179.988;-0.000132475;179.662;-107.831;-0.0116377;-9.72152e-05;
2.0893;-90.1695;-53.7155;179.988;-0.000132484;179.669;-107.431;-0.0119088;-9.55618e-05;
2.13796;-90.1661;-53.5155;179.988;-0.000132492;179.676;-107.031;-0.0121862;-9.38305e-05;
2.18776;-90.1629;-53.3155;179.988;-0.000132502;179.683;-106.631;-0.0124701;-9.20176e-05;
2.23872;-90.1598;-53.1155;179.987;-0.000132511;179.69;-106.231;-0.0127605;-9.01193e-05;
2.29087;-90.1567;-52.9155;179.987;-0.000132521;179.696;-105.831;-0.0130578;-8.81315e-05;
2.34423;-90.1538;-52.7155;179.987;-0.000132532;179.703;-105.431;-0.0133619;-8.605e-05;
2.39883;-90.1509;-52.5155;179.986;-0.000132543;179.709;-105.031;-0.0136732;-8.38704e-05;
2.45471;-90.1481;-52.3155;179.986;-0.000132554;179.715;-104.631;-0.0139917;-8.15881e-05;
2.51189;-90.1453;-52.1155;179.986;-0.000132567;179.721;-104.231;-0.0143176;-7.91982e-05;
2.5704;-90.1427;-51.9155;179.985;-0.000132579;179.726;-103.831;-0.0146511;-7.66957e-05;
2.63027;-90.1401;-51.7155;179.985;-0.000132593;179.732;-103.431;-0.0149924;-7.40752e-05;
2.69153;-90.1376;-51.5155;179.985;-0.000132606;179.737;-103.031;-0.0153416;-7.13313e-05;
2.75423;-90.1352;-51.3155;179.984;-0.000132621;179.743;-102.631;-0.0156989;-6.8458e-05;
2.81838;-90.1328;-51.1155;179.984;-0.000132636;179.748;-102.231;-0.0160646;-6.54494e-05;
2.88403;-90.1305;-50.9155;179.984;-0.000132652;179.753;-101.831;-0.0164388;-6.22989e-05;
2.95121;-90.1283;-50.7155;179.983;-0.000132669;179.758;-101.431;-0.0168217;-5.89999e-05;
3.01995;-90.1262;-50.5155;179.983;-0.000132686;179.762;-101.031;-0.0172136;-5.55455e-05;
3.0903;-90.1241;-50.3154;179.982;-0.000132705;179.767;-100.631;-0.0176145;-5.19283e-05;
3.16228;-90.1221;-50.1154;179.982;-0.000132724;179.771;-100.231;-0.0180248;-4.81406e-05;
3.23594;-90.1201;-49.9154;179.982;-0.000132744;179.776;-99.8308;-0.0184447;-4.41743e-05;
3.31131;-90.1182;-49.7154;179.981;-0.000132765;179.78;-99.4308;-0.0188743;-4.00212e-05;
3.38844;-90.1164;-49.5154;179.981;-0.000132787;179.784;-99.0308;-0.019314;-3.56723e-05;
3.46737;-90.1146;-49.3154;179.98;-0.00013281;179.788;-98.6308;-0.0197639;-3.11185e-05;
3.54813;-90.1129;-49.1154;179.98;-0.000132834;179.792;-98.2308;-0.0202242;-2.635e-05;
3.63078;-90.1113;-48.9154;179.979;-0.00013286;179.796;-97.8308;-0.0206953;-2.13569e-05;
3.71535;-90.1097;-48.7154;179.979;-0.000132886;179.8;-97.4308;-0.0211774;-1.61283e-05;
3.80189;-90.1082;-48.5154;179.978;-0.000132914;179.803;-97.0308;-0.0216707;-1.06534e-05;
3.89045;-90.1067;-48.3154;179.978;-0.000132943;179.807;-96.6308;-0.0221755;-4.92046e-06;
3.98107;-90.1053;-48.1154;179.977;-0.000132973;179.81;-96.2308;-0.022692;1.08269e-06;
4.0738;-90.104;-47.9154;179.977;-0.000133005;179.813;-95.8308;-0.0232206;7.36875e-06;
4.16869;-90.1027;-47.7154;179.976;-0.000133039;179.817;-95.4307;-0.0237615;1.39511e-05;
4.2658;-90.1014;-47.5154;179.976;-0.000133074;179.82;-95.0307;-0.024315;2.08436e-05;
4.36516;-90.1002;-47.3154;179.975;-0.00013311;179.823;-94.6307;-0.0248814;2.8061e-05;
4.46684;-90.0991;-47.1154;179.975;-0.000133149;179.826;-94.2307;-0.025461;3.56186e-05;
4.57088;-90.098;-46.9154;179.974;-0.000133189;179.828;-93.8307;-0.0260541;4.35323e-05;
4.67735;-90.097;-46.7154;179.973;-0.000133231;179.831;-93.4307;-0.026661;5.1819e-05;
4.7863;-90.096;-46.5153;179.973;-0.000133275;179.834;-93.0307;-0.027282;6.04962e-05;
4.89779;-90.095;-46.3153;179.972;-0.000133321;179.836;-92.6307;-0.0279175;6.95824e-05;
5.01187;-90.0942;-46.1153;179.971;-0.000133369;179.839;-92.2307;-0.0285678;7.90968e-05;
5.12861;-90.0933;-45.9153;179.971;-0.000133419;179.841;-91.8307;-0.0292333;8.90597e-05;
5.24807;-90.0925;-45.7153;179.97;-0.000133472;179.843;-91.4307;-0.0299143;9.94921e-05;
5.37032;-90.0918;-45.5153;179.969;-0.000133528;179.846;-91.0307;-0.0306111;0.000110416;
5.49541;-90.0911;-45.3153;179.969;-0.000133586;179.848;-90.6307;-0.0313242;0.000121855;
5.62341;-90.0905;-45.1153;179.968;-0.000133646;179.85;-90.2306;-0.0320538;0.000133833;
5.7544;-90.0899;-44.9153;179.967;-0.00013371;179.852;-89.8306;-0.0328005;0.000146376;
5.88844;-90.0894;-44.7152;179.966;-0.000133777;179.854;-89.4306;-0.0335646;0.000159509;
6.0256;-90.0889;-44.5152;179.966;-0.000133846;179.855;-89.0306;-0.0343465;0.000173262;
6.16595;-90.0884;-44.3152;179.965;-0.000133919;179.857;-88.6306;-0.0351465;0.000187663;
6.30957;-90.088;-44.1152;179.964;-0.000133996;179.859;-88.2306;-0.0359653;0.000202742;
6.45654;-90.0877;-43.9152;179.963;-0.000134076;179.86;-87.8306;-0.0368031;0.000218533;
6.60693;-90.0874;-43.7152;179.962;-0.00013416;179.862;-87.4305;-0.0376604;0.000235067;
6.76083;-90.0871;-43.5152;179.961;-0.000134247;179.863;-87.0305;-0.0385377;0.000252381;
6.91831;-90.0869;-43.3151;179.961;-0.000134339;179.865;-86.6305;-0.0394354;0.000270511;
7.07946;-90.0867;-43.1151;179.96;-0.000134436;179.866;-86.2305;-0.0403541;0.000289495;
7.24436;-90.0866;-42.9151;179.959;-0.000134536;179.867;-85.8305;-0.0412942;0.000309374;
7.4131;-90.0865;-42.7151;179.958;-0.000134642;179.868;-85.4304;-0.0422561;0.00033019;
7.58578;-90.0865;-42.5151;179.957;-0.000134752;179.869;-85.0304;-0.0432405;0.000351987;
7.76247;-90.0865;-42.315;179.956;-0.000134868;179.87;-84.6304;-0.0442478;0.000374811;
7.94328;-90.0866;-42.115;179.955;-0.000134989;179.871;-84.2304;-0.0452786;0.000398711;
8.12831;-90.0867;-41.915;179.954;-0.000135116;179.872;-83.8304;-0.0463334;0.000423737;
8.31764;-90.0868;-41.715;179.953;-0.000135249;179.873;-83.4303;-0.0474128;0.000449943;
8.51138;-90.087;-41.5149;179.951;-0.000135388;179.874;-83.0303;-0.0485173;0.000477384;
8.70964;-90.0873;-41.3149;179.95;-0.000135534;179.874;-82.6303;-0.0496476;0.000506119;
8.91251;-90.0876;-41.1149;179.949;-0.000135686;179.875;-82.2302;-0.0508042;0.000536208;
9.12011;-90.0879;-40.9148;179.948;-0.000135846;179.875;-81.8302;-0.0519878;0.000567715;
9.33254;-90.0883;-40.7148;179.947;-0.000136013;179.876;-81.4302;-0.0531989;0.000600707;
9.54993;-90.0887;-40.5148;179.946;-0.000136189;179.876;-81.0301;-0.0544383;0.000635254;
9.77237;-90.0892;-40.3147;179.944;-0.000136372;179.877;-80.6301;-0.0557065;0.000671429;
10;-90.0897;-40.1147;179.943;-0.000136564;179.877;-80.2301;-0.0570044;0.000709309;
10.2329;-90.0903;-39.9147;179.942;-0.000136765;179.877;-79.83;-0.0583324;0.000748975;
10.4713;-90.0909;-39.7146;179.94;-0.000136976;179.877;-79.43;-0.0596914;0.00079051;
10.7152;-90.0916;-39.5146;179.939;-0.000137196;179.877;-79.0299;-0.0610821;0.000834003;
10.9648;-90.0923;-39.3145;179.938;-0.000137427;179.877;-78.6299;-0.0625052;0.000879546;
11.2202;-90.0931;-39.1145;179.936;-0.000137669;179.877;-78.2299;-0.0639615;0.000927236;
11.4815;-90.0939;-38.9144;179.935;-0.000137922;179.877;-77.8298;-0.0654517;0.000977173;
11.749;-90.0947;-38.7144;179.933;-0.000138188;179.877;-77.4298;-0.0669767;0.00102946;
12.0226;-90.0957;-38.5143;179.931;-0.000138465;179.877;-77.0297;-0.0685372;0.00108422;
12.3027;-90.0966;-38.3143;179.93;-0.000138756;179.876;-76.6296;-0.0701341;0.00114156;
12.5893;-90.0976;-38.1142;179.928;-0.000139061;179.876;-76.2296;-0.0717682;0.0012016;
12.8825;-90.0987;-37.9141;179.927;-0.000139379;179.875;-75.8295;-0.0734404;0.00126447;
13.1826;-90.0998;-37.7141;179.925;-0.000139713;179.875;-75.4295;-0.0751516;0.0013303;
13.4896;-90.101;-37.514;179.923;-0.000140063;179.874;-75.0294;-0.0769027;0.00139923;
13.8038;-90.1022;-37.3139;179.921;-0.000140429;179.874;-74.6293;-0.0786947;0.00147142;
14.1254;-90.1035;-37.1139;179.919;-0.000140812;179.873;-74.2292;-0.0805284;0.00154701;
14.4544;-90.1049;-36.9138;179.918;-0.000141214;179.872;-73.8292;-0.0824048;0.00162616;
14.7911;-90.1063;-36.7137;179.916;-0.000141634;179.871;-73.4291;-0.0843251;0.00170904;
15.1356;-90.1077;-36.5136;179.914;-0.000142074;179.87;-73.029;-0.0862901;0.00179583;
15.4882;-90.1092;-36.3135;179.912;-0.000142535;179.869;-72.6289;-0.088301;0.00188671;
15.8489;-90.1108;-36.1134;179.91;-0.000143018;179.868;-72.2288;-0.0903587;0.00198188;
16.2181;-90.1124;-35.9133;179.908;-0.000143524;179.867;-71.8287;-0.0924645;0.00208153;
16.5959;-90.1141;-35.7132;179.905;-0.000144053;179.866;-71.4286;-0.0946194;0.00218587;
16.9824;-90.1158;-35.5131;179.903;-0.000144607;179.865;-71.0285;-0.0968245;0.00229514;
17.378;-90.1177;-35.313;179.901;-0.000145188;179.863;-70.6284;-0.0990811;0.00240956;
17.7828;-90.1195;-35.1129;179.899;-0.000145796;179.862;-70.2283;-0.10139;0.00252937;
18.197;-90.1215;-34.9128;179.896;-0.000146432;179.86;-69.8281;-0.103754;0.00265483;
18.6209;-90.1235;-34.7126;179.894;-0.000147099;179.859;-69.428;-0.106172;0.00278621;
19.0546;-90.1255;-34.5125;179.891;-0.000147797;179.857;-69.0279;-0.108647;0.00292378;
19.4984;-90.1276;-34.3123;179.889;-0.000148528;179.856;-68.6277;-0.111179;0.00306783;
19.9526;-90.1298;-34.1122;179.886;-0.000149293;179.854;-68.2276;-0.113771;0.00321868;
20.4174;-90.1321;-33.912;179.884;-0.000150095;179.852;-67.8274;-0.116423;0.00337664;
20.893;-90.1344;-33.7119;179.881;-0.000150934;179.85;-67.4272;-0.119137;0.00354204;
21.3796;-90.1369;-33.5117;179.878;-0.000151814;179.848;-67.0271;-0.121914;0.00371525;
21.8776;-90.1393;-33.3115;179.875;-0.000152734;179.846;-66.6269;-0.124757;0.00389662;
22.3872;-90.1419;-33.1113;179.872;-0.000153698;179.844;-66.2267;-0.127665;0.00408654;
22.9087;-90.1445;-32.9111;179.869;-0.000154708;179.841;-65.8265;-0.130642;0.00428542;
23.4423;-90.1472;-32.7109;179.866;-0.000155765;179.839;-65.4263;-0.133688;0.00449367;
23.9883;-90.15;-32.5107;179.863;-0.000156872;179.836;-65.0261;-0.136805;0.00471175;
24.5471;-90.1529;-32.3105;179.86;-0.000158032;179.834;-64.6258;-0.139996;0.00494011;
25.1189;-90.1558;-32.1102;179.857;-0.000159246;179.831;-64.2256;-0.14326;0.00517923;
25.704;-90.1589;-31.91;179.853;-0.000160518;179.829;-63.8254;-0.146601;0.00542964;
26.3027;-90.162;-31.7097;179.85;-0.000161849;179.826;-63.4251;-0.150021;0.00569185;
26.9153;-90.1652;-31.5094;179.846;-0.000163244;179.823;-63.0248;-0.15352;0.00596643;
27.5423;-90.1685;-31.3092;179.843;-0.000164705;179.82;-62.6245;-0.157101;0.00625396;
28.1838;-90.1718;-31.1089;179.839;-0.000166234;179.817;-62.2242;-0.160766;0.00655505;
28.8403;-90.1753;-30.9085;179.836;-0.000167836;179.814;-61.8239;-0.164516;0.00687034;
29.5121;-90.1789;-30.7082;179.832;-0.000169514;179.81;-61.4236;-0.168354;0.0072005;
30.1995;-90.1825;-30.5079;179.828;-0.000171271;179.807;-61.0232;-0.172283;0.00754624;
30.903;-90.1863;-30.3075;179.824;-0.000173111;179.803;-60.6229;-0.176303;0.00790828;
31.6228;-90.1901;-30.1071;179.82;-0.000175038;179.8;-60.2225;-0.180417;0.0082874;
32.3594;-90.1941;-29.9067;179.815;-0.000177056;179.796;-59.8221;-0.184628;0.00868441;
33.1131;-90.1982;-29.7063;179.811;-0.00017917;179.792;-59.4217;-0.188937;0.00910015;
33.8844;-90.2023;-29.5059;179.807;-0.000181384;179.788;-59.0212;-0.193347;0.0095355;
34.6737;-90.2066;-29.3054;179.802;-0.000183703;179.784;-58.6208;-0.197861;0.00999139;
35.4813;-90.211;-29.1049;179.798;-0.000186131;179.78;-58.2203;-0.202481;0.0104688;
36.3078;-90.2155;-28.9044;179.793;-0.000188675;179.776;-57.8198;-0.207209;0.0109687;
37.1535;-90.2201;-28.7039;179.788;-0.000191339;179.772;-57.4193;-0.212048;0.0114922;
38.0189;-90.2248;-28.5034;179.783;-0.000194129;179.767;-57.0187;-0.217;0.0120405;
38.9045;-90.2297;-28.3028;179.778;-0.000197051;179.763;-56.6182;-0.222069;0.0126146;
39.8107;-90.2347;-28.1022;179.773;-0.000200112;179.758;-56.2176;-0.227257;0.0132158;
40.738;-90.2398;-27.9016;179.767;-0.000203318;179.753;-55.8169;-0.232567;0.0138454;
41.6869;-90.245;-27.7009;179.762;-0.000206676;179.748;-55.4163;-0.238002;0.0145047;
42.658;-90.2504;-27.5002;179.756;-0.000210194;179.743;-55.0156;-0.243564;0.0151951;
43.6516;-90.2559;-27.2995;179.751;-0.000213878;179.737;-54.6149;-0.249258;0.0159181;
44.6684;-90.2615;-27.0987;179.745;-0.000217738;179.732;-54.2141;-0.255086;0.0166752;
45.7088;-90.2673;-26.8979;179.739;-0.00022178;179.726;-53.8133;-0.261051;0.0174682;
46.7735;-90.2732;-26.6971;179.733;-0.000226015;179.721;-53.4125;-0.267156;0.0182985;
47.863;-90.2792;-26.4962;179.727;-0.000230451;179.715;-53.0116;-0.273406;0.0191681;
48.9779;-90.2855;-26.2953;179.72;-0.000235098;179.709;-52.6107;-0.279803;0.0200787;
50.1187;-90.2918;-26.0944;179.714;-0.000239966;179.703;-52.2098;-0.286351;0.0210324;
51.2861;-90.2984;-25.8934;179.707;-0.000245066;179.696;-51.8088;-0.293054;0.0220311;
52.4807;-90.3051;-25.6923;179.7;-0.000250408;179.69;-51.4077;-0.299915;0.023077;
53.7032;-90.3119;-25.4912;179.693;-0.000256005;179.683;-51.0066;-0.306939;0.0241724;
54.9541;-90.3189;-25.2901;179.686;-0.000261869;179.676;-50.6055;-0.314128;0.0253195;
56.2341;-90.3261;-25.0889;179.679;-0.000268012;179.669;-50.2043;-0.321489;0.0265208;
57.544;-90.3335;-24.8876;179.671;-0.000274449;179.662;-49.803;-0.329024;0.0277789;
58.8844;-90.3411;-24.6863;179.663;-0.000281192;179.655;-49.4017;-0.336737;0.0290965;
60.256;-90.3488;-24.4849;179.655;-0.000288258;179.647;-49.0003;-0.344634;0.0304765;
61.6595;-90.3567;-24.2835;179.647;-0.000295661;179.639;-48.5989;-0.352719;0.0319216;
63.0957;-90.3648;-24.082;179.639;-0.000303419;179.631;-48.1974;-0.360996;0.0334352;
64.5654;-90.3732;-23.8804;179.631;-0.000311548;179.623;-47.7958;-0.369471;0.0350204;
66.0693;-90.3817;-23.6787;179.622;-0.000320066;179.615;-47.3941;-0.378147;0.0366805;
67.6083;-90.3904;-23.477;179.613;-0.000328992;179.606;-46.9924;-0.387031;0.0384193;
69.1831;-90.3994;-23.2752;179.604;-0.000338346;179.597;-46.5905;-0.396127;0.0402404;
70.7946;-90.4086;-23.0733;179.595;-0.00034815;179.588;-46.1886;-0.405441;0.0421476;
72.4436;-90.418;-22.8713;179.585;-0.000358425;179.579;-45.7866;-0.414978;0.0441453;
74.131;-90.4276;-22.6692;179.575;-0.000369194;179.57;-45.3846;-0.424743;0.0462375;
75.8578;-90.4374;-22.467;179.565;-0.000380481;179.56;-44.9824;-0.434744;0.0484289;
77.6247;-90.4475;-22.2647;179.555;-0.000392312;179.55;-44.5801;-0.444985;0.0507242;
79.4328;-90.4579;-22.0623;179.545;-0.000404714;179.54;-44.1777;-0.455473;0.0531283;
81.2831;-90.4685;-21.8598;179.534;-0.000417714;179.529;-43.7751;-0.466214;0.0556464;
83.1764;-90.4794;-21.6571;179.523;-0.000431343;179.518;-43.3725;-0.477215;0.0582839;
85.1138;-90.4905;-21.4544;179.512;-0.000445632;179.507;-42.9697;-0.488482;0.0610466;
87.0964;-90.5019;-21.2515;179.5;-0.000460613;179.496;-42.5668;-0.500022;0.0639404;
89.1251;-90.5136;-21.0484;179.488;-0.000476321;179.485;-42.1638;-0.511844;0.0669717;
91.2011;-90.5256;-20.8453;179.476;-0.000492793;179.473;-41.7606;-0.523953;0.0701469;
93.3254;-90.5379;-20.6419;179.464;-0.000510065;179.461;-41.3573;-0.536357;0.073473;
95.4993;-90.5504;-20.4385;179.451;-0.00052818;179.448;-40.9538;-0.549065;0.0769572;
97.7237;-90.5633;-20.2348;179.438;-0.000547179;179.435;-40.5502;-0.562085;0.080607;
100;-90.5765;-20.031;179.425;-0.000567106;179.422;-40.1464;-0.575424;0.0844306;
102.329;-90.5901;-19.827;179.411;-0.00058801;179.409;-39.7424;-0.589092;0.0884361;
104.713;-90.604;-19.6228;179.397;-0.000609939;179.395;-39.3382;-0.603098;0.0926323;
107.152;-90.6182;-19.4184;179.382;-0.000632945;179.381;-38.9338;-0.617451;0.0970285;
109.648;-90.6328;-19.2138;179.368;-0.000657085;179.367;-38.5292;-0.63216;0.101634;
112.202;-90.6477;-19.009;179.353;-0.000682416;179.352;-38.1243;-0.647235;0.10646;
114.815;-90.6631;-18.8039;179.337;-0.000708999;179.337;-37.7193;-0.662687;0.111515;
117.49;-90.6788;-18.5986;179.321;-0.0007369;179.321;-37.314;-0.678526;0.116812;
120.226;-90.6949;-18.3931;179.305;-0.000766187;179.305;-36.9084;-0.694764;0.122362;
123.027;-90.7114;-18.1872;179.288;-0.000796933;179.289;-36.5026;-0.711411;0.128178;
125.893;-90.7284;-17.9811;179.271;-0.000829213;179.272;-36.0965;-0.72848;0.134271;
128.825;-90.7457;-17.7748;179.254;-0.000863109;179.254;-35.6901;-0.745983;0.140657;
131.826;-90.7636;-17.5681;179.236;-0.000898707;179.237;-35.2834;-0.763933;0.147348;
134.896;-90.7819;-17.3611;179.217;-0.000936098;179.219;-34.8764;-0.782343;0.15436;
138.038;-90.8006;-17.1537;179.199;-0.000975376;179.2;-34.4691;-0.801227;0.161708;
141.254;-90.8199;-16.946;179.179;-0.00101664;179.181;-34.0614;-0.820599;0.16941;
144.544;-90.8396;-16.7379;179.159;-0.00106001;179.161;-33.6533;-0.840474;0.177482;
147.911;-90.8599;-16.5295;179.139;-0.00110559;179.141;-33.2449;-0.860869;0.185942;
151.356;-90.8807;-16.3206;179.118;-0.0011535;179.12;-32.836;-0.881798;0.194809;
154.882;-90.902;-16.1113;179.096;-0.00120387;179.099;-32.4267;-0.90328;0.204104;
158.489;-90.924;-15.9016;179.074;-0.00125684;179.077;-32.017;-0.925332;0.213848;
162.181;-90.9465;-15.6914;179.052;-0.00131256;179.055;-31.6067;-0.947973;0.224062;
165.959;-90.9696;-15.4807;179.028;-0.00137117;179.032;-31.196;-0.971221;0.234771;
169.824;-90.9934;-15.2694;179.004;-0.00143285;179.008;-30.7848;-0.995097;0.245998;
173.78;-91.0178;-15.0577;178.98;-0.00149776;178.984;-30.373;-1.01962;0.25777;
177.828;-91.0428;-14.8453;178.955;-0.0015661;178.959;-29.9607;-1.04482;0.270114;
181.97;-91.0686;-14.6324;178.929;-0.00163807;178.934;-29.5478;-1.07071;0.283058;
186.209;-91.0951;-14.4188;178.902;-0.00171387;178.907;-29.1342;-1.09733;0.296632;
190.546;-91.1223;-14.2046;178.875;-0.00179374;178.88;-28.7199;-1.12468;0.310869;
194.984;-91.1503;-13.9896;178.847;-0.00187791;178.852;-28.305;-1.15281;0.325801;
199.526;-91.1791;-13.774;178.818;-0.00196665;178.824;-27.8893;-1.18174;0.341465;
204.174;-91.2087;-13.5575;178.788;-0.00206024;178.794;-27.4729;-1.2115;0.357897;
208.93;-91.2392;-13.3403;178.757;-0.00215897;178.764;-27.0557;-1.24212;0.375136;
213.796;-91.2705;-13.1222;178.725;-0.00226317;178.733;-26.6376;-1.27364;0.393224;
218.776;-91.3029;-12.9032;178.693;-0.00237318;178.7;-26.2186;-1.30609;0.412204;
223.872;-91.3361;-12.6833;178.659;-0.00248936;178.667;-25.7987;-1.33951;0.432123;
229.087;-91.3704;-12.4624;178.625;-0.00261213;178.633;-25.3778;-1.37394;0.45303;
234.423;-91.4057;-12.2405;178.589;-0.0027419;178.598;-24.9558;-1.40941;0.474975;
239.883;-91.4422;-12.0174;178.553;-0.00287914;178.562;-24.5328;-1.44598;0.498013;
245.471;-91.4797;-11.7932;178.515;-0.00302435;178.524;-24.1086;-1.48369;0.522202;
251.189;-91.5185;-11.5678;178.476;-0.00317807;178.486;-23.6832;-1.52259;0.547602;
257.04;-91.5584;-11.3412;178.436;-0.00334089;178.446;-23.2566;-1.56274;0.574279;
263.027;-91.5997;-11.1131;178.394;-0.00351344;178.405;-22.8285;-1.60418;0.6023;
269.153;-91.6424;-10.8837;178.351;-0.00369642;178.362;-22.3991;-1.64699;0.631738;
275.423;-91.6865;-10.6528;178.307;-0.00389057;178.318;-21.9682;-1.69123;0.662669;
281.838;-91.732;-10.4203;178.261;-0.0040967;178.273;-21.5357;-1.73696;0.695175;
288.403;-91.7792;-10.1861;178.213;-0.00431572;178.226;-21.1015;-1.78426;0.729342;
295.121;-91.8279;-9.95018;178.164;-0.00454859;178.177;-20.6656;-1.83322;0.765262;
301.995;-91.8785;-9.71241;178.113;-0.00479638;178.127;-20.2278;-1.88391;0.803034;
309.03;-91.9308;-9.47269;178.06;-0.00506025;178.075;-19.7881;-1.93643;0.84276;
316.228;-91.9851;-9.2309;178.006;-0.0053415;178.021;-19.3463;-1.99087;0.884552;
323.594;-92.0414;-8.98692;177.949;-0.00564152;177.965;-18.9023;-2.04736;0.928527;
331.131;-92.0998;-8.74064;177.89;-0.00596187;177.906;-18.4561;-2.10599;0.974812;
338.844;-92.1605;-8.49191;177.829;-0.00630428;177.846;-18.0073;-2.1669;1.02354;
346.737;-92.2237;-8.2406;177.765;-0.00667063;177.783;-17.556;-2.23023;1.07486;
354.813;-92.2894;-7.98654;177.699;-0.00706305;177.717;-17.102;-2.29612;1.12891;
363.078;-92.3578;-7.72958;177.63;-0.00748387;177.649;-16.645;-2.36473;1.18588;
371.535;-92.4291;-7.46954;177.558;-0.0079357;177.578;-16.185;-2.43624;1.24592;
380.189;-92.5035;-7.20623;177.483;-0.00842147;177.504;-15.7217;-2.51084;1.30924;
389.045;-92.5812;-6.93943;177.404;-0.00894444;177.427;-15.2549;-2.58875;1.37603;
398.107;-92.6624;-6.66895;177.322;-0.00950828;177.346;-14.7844;-2.67019;1.44652;
407.38;-92.7474;-6.39453;177.236;-0.0101171;177.261;-14.31;-2.75541;1.52094;
416.869;-92.8365;-6.11593;177.146;-0.0107757;177.172;-13.8314;-2.84471;1.59955;
426.58;-92.9299;-5.83286;177.052;-0.0114892;177.079;-13.3483;-2.93839;1.68262;
436.516;-93.0281;-5.54503;176.953;-0.0122637;176.981;-12.8605;-3.0368;1.77046;
446.684;-93.1314;-5.25211;176.848;-0.0131061;176.878;-12.3676;-3.14031;1.86338;
457.088;-93.2402;-4.95375;176.738;-0.0140242;176.769;-11.8692;-3.24936;1.96174;
467.735;-93.355;-4.64957;176.622;-0.0150271;176.655;-11.365;-3.36443;2.06592;
478.63;-93.4764;-4.33914;176.499;-0.0161252;176.533;-10.8546;-3.48604;2.17635;
489.779;-93.6049;-4.02201;176.369;-0.0173306;176.405;-10.3375;-3.61481;2.29349;
501.187;-93.7412;-3.69768;176.231;-0.0186574;176.269;-9.81314;-3.75141;2.41783;
512.861;-93.8861;-3.36558;176.085;-0.0201221;176.124;-9.28105;-3.89662;2.54993;
524.807;-94.0406;-3.0251;175.928;-0.0217441;175.97;-8.74058;-4.05132;2.69041;
537.032;-94.2055;-2.67558;175.761;-0.0235462;175.806;-8.19106;-4.21651;2.83994;
549.541;-94.382;-2.31625;175.582;-0.0255559;175.629;-7.63173;-4.39336;2.99928;
562.341;-94.5716;-1.94628;175.39;-0.0278056;175.44;-7.06177;-4.5832;3.16925;
575.44;-94.7757;-1.56475;175.183;-0.0303349;175.236;-6.48024;-4.78759;3.35079;
588.844;-94.9961;-1.17059;174.96;-0.0331914;175.016;-5.88609;-5.00833;3.54495;
602.56;-95.235;-0.762623;174.717;-0.0364337;174.778;-5.27813;-5.24755;3.75292;
616.595;-95.4949;-0.339517;174.454;-0.0401338;174.518;-4.65503;-5.50778;3.97604;
630.957;-95.7789;0.100252;174.165;-0.0443816;174.234;-4.01527;-5.79201;4.21581;
645.654;-96.0904;0.558428;173.849;-0.0492902;173.923;-3.3571;-6.10384;4.474;
660.693;-96.4338;1.03702;173.5;-0.0550033;173.58;-2.67852;-6.44765;4.75259;
676.083;-96.8146;1.53833;173.113;-0.0617062;173.2;-1.97721;-6.82875;5.05391;
691.831;-97.2392;2.06509;172.682;-0.0696403;172.775;-1.25046;-7.25374;5.38068;
707.946;-97.716;2.62046;172.197;-0.0791259;172.299;-0.495096;-7.73086;5.73606;
724.436;-98.2553;3.20822;171.648;-0.0905939;171.76;0.292655;-8.27053;6.12383;
741.31;-98.8705;3.83287;171.022;-0.104636;171.145;1.11729;-8.88613;6.54849;
758.578;-99.5791;4.49985;170.301;-0.12208;170.437;1.98426;-9.59513;7.01548;
776.247;-100.404;5.2158;169.461;-0.144117;169.612;2.9002;-10.4208;7.53144;
794.328;-101.378;5.98892;168.47;-0.172504;168.639;3.87331;-11.3945;8.10457;
812.831;-102.543;6.82946;167.282;-0.209918;167.474;4.91384;-12.5601;8.74512;
831.764;-103.963;7.7504;165.835;-0.260597;166.055;6.03477;-13.9802;9.46607;
851.138;-105.729;8.76837;164.034;-0.331563;164.289;7.25273;-15.747;10.2841;
870.964;-107.983;9.90482;161.734;-0.435086;162.036;8.58916;-18.0015;11.2205;
891.251;-110.95;11.1873;158.703;-0.594091;159.069;10.0716;-20.9694;12.303;
912.011;-115.01;12.6499;154.553;-0.855084;155.01;11.7342;-25.029;13.5656;
933.254;-120.827;14.3288;148.592;-1.32276;149.193;13.6131;-30.8472;15.0445;
954.993;-129.62;16.2363;139.543;-2.26625;140.4;15.7206;-39.6408;16.7521;
977.237;-143.502;18.2564;125.081;-4.51021;126.519;17.9407;-53.5225;18.5722;
1000;-164.816;19.8531;101.176;-11.6161;105.205;19.7374;-74.8375;19.9689;
1023.29;168.801;20.0043;-95.5012;-14.191;78.8235;20.0885;-101.22;19.9201;
1047.13;146.237;18.5768;-122.004;-5.09797;56.2591;18.861;-123.786;18.2926;
1071.52;131.243;16.5728;-137.685;-2.47505;41.2663;17.057;-138.78;16.0886;
1096.48;121.775;14.632;-147.437;-1.40954;31.7984;15.3161;-148.249;13.9478;
1122.02;115.565;12.9144;-153.802;-0.894427;25.5889;13.7985;-154.459;12.0302;
1148.15;111.268;11.4181;-158.195;-0.612369;21.2933;12.5022;-158.756;10.334;
1174.9;108.15;10.1081;-161.38;-0.443055;18.1753;11.3922;-161.875;8.82401;
1202.26;105.794;8.94941;-163.783;-0.33412;15.8205;10.4335;-164.231;7.46536;
1230.27;103.957;7.91334;-165.656;-0.26017;13.9838;9.59741;-166.069;6.22932;
1258.93;102.486;6.97751;-167.155;-0.207792;12.5131;8.86155;-167.541;5.09351;
1288.25;101.282;6.12458;-168.381;-0.169399;11.3096;8.20859;-168.746;4.04061;
1318.26;100.278;5.34102;-169.402;-0.140451;10.3068;7.625;-169.75;3.05708;
1348.96;99.4289;4.61619;-170.265;-0.118103;9.45825;7.10014;-170.6;2.13228;
1380.38;98.7008;3.94158;-171.005;-0.100501;8.7308;6.6255;-171.329;1.2577;
1412.54;98.0693;3.31031;-171.646;-0.0863981;8.10003;6.1942;-171.961;0.426469;
1445.44;97.5162;2.71678;-172.208;-0.0749289;7.54765;5.80063;-172.515;-0.367033;
1479.11;97.0275;2.15632;-172.703;-0.0654797;7.05968;5.44013;-173.004;-1.12745;
1513.56;96.5923;1.62507;-173.144;-0.0576051;6.62526;5.10885;-173.44;-1.85866;
1548.82;96.2021;1.11975;-173.538;-0.0509755;6.23583;4.80349;-173.831;-2.56394;
1584.89;95.85;0.637594;-173.894;-0.0453433;5.88457;4.52129;-174.184;-3.24606;
1621.81;95.5306;0.176209;-174.217;-0.0405193;5.56594;4.25986;-174.504;-3.9074;
1659.59;95.2392;-0.266453;-174.51;-0.0363569;5.27544;4.01715;-174.797;-4.55002;
1698.24;94.9723;-0.692174;-174.779;-0.0327414;5.00935;3.79138;-175.064;-5.17569;
1737.8;94.7267;-1.10251;-175.026;-0.0295817;4.76458;3.58099;-175.311;-5.78597;
1778.28;94.4997;-1.49883;-175.254;-0.0268051;4.53854;3.38462;-175.539;-6.38224;
1819.7;94.2893;-1.88234;-175.464;-0.0243526;4.32903;3.20106;-175.75;-6.96569;
1862.09;94.0935;-2.2541;-175.66;-0.0221763;4.13419;3.02923;-175.947;-7.5374;
1905.46;93.9108;-2.61508;-175.843;-0.0202367;3.95244;2.86819;-176.13;-8.09832;
1949.84;93.7398;-2.96612;-176.013;-0.0185011;3.7824;2.71709;-176.302;-8.64929;
1995.26;93.5793;-3.30799;-176.173;-0.0169423;3.62287;2.57516;-176.464;-9.19109;
2041.74;93.4282;-3.64137;-176.323;-0.0155375;3.47284;2.44171;-176.616;-9.7244;
2089.3;93.2857;-3.96688;-176.464;-0.0142674;3.33139;2.31612;-176.759;-10.2498;
2137.96;93.151;-4.2851;-176.597;-0.0131157;3.19774;2.19782;-176.895;-10.768;
2187.76;93.0234;-4.59653;-176.722;-0.0120685;3.07119;2.08631;-177.024;-11.2793;
2238.72;92.9022;-4.90164;-176.841;-0.0111137;2.95111;1.98112;-177.146;-11.7844;
2290.87;92.7869;-5.20085;-176.954;-0.0102411;2.83697;1.88182;-177.263;-12.2835;
2344.23;92.677;-5.49455;-177.061;-0.0094418;2.72827;1.78803;-177.374;-12.7771;
2398.83;92.5721;-5.78311;-177.163;-0.00870806;2.62457;1.69937;-177.48;-13.2656;
2454.71;92.4718;-6.06685;-177.261;-0.00803316;2.52548;1.61553;-177.581;-13.7492;
2511.89;92.3757;-6.34607;-177.354;-0.00741119;2.43066;1.5362;-177.679;-14.2283;
2570.4;92.2835;-6.62106;-177.442;-0.00683698;2.33977;1.46111;-177.772;-14.7032;
2630.27;92.195;-6.89207;-177.527;-0.00630597;2.25253;1.38998;-177.862;-15.1741;
2691.53;92.1098;-7.15934;-177.609;-0.00581413;2.16869;1.32259;-177.948;-15.6412;
2754.23;92.0277;-7.42309;-177.687;-0.00535789;2.08799;1.25871;-178.032;-16.1049;
2818.38;91.9486;-7.68353;-177.762;-0.00493408;2.01023;1.19813;-178.112;-16.5652;
2884.03;91.8721;-7.94086;-177.834;-0.00453986;1.93521;1.14067;-178.19;-17.0224;
2951.21;91.7981;-8.19524;-177.903;-0.00417272;1.86274;1.08614;-178.266;-17.4766;
3019.95;91.7266;-8.44685;-177.97;-0.00383038;1.79266;1.03438;-178.339;-17.928;
3090.3;91.6572;-8.69583;-178.034;-0.00351082;1.72481;0.985233;-178.41;-18.3769;
3162.28;91.5898;-8.94235;-178.097;-0.00321219;1.65906;0.938552;-178.479;-18.8232;
3235.94;91.5244;-9.18652;-178.157;-0.00293286;1.59526;0.894201;-178.546;-19.2672;
3311.31;91.4608;-9.42849;-178.215;-0.00267132;1.53331;0.852054;-178.611;-19.709;
3388.44;91.3989;-9.66836;-178.271;-0.00242622;1.47308;0.811991;-178.674;-20.1487;
3467.37;91.3386;-9.90625;-178.326;-0.00219634;1.41447;0.773901;-178.736;-20.5864;
3548.13;91.2797;-10.1423;-178.378;-0.00198056;1.35739;0.737679;-178.797;-21.0222;
3630.78;91.2222;-10.3765;-178.43;-0.00177787;1.30174;0.703225;-178.856;-21.4562;
3715.35;91.1661;-10.609;-178.479;-0.00158733;1.24745;0.670447;-178.914;-21.8885;
3801.89;91.1112;-10.84;-178.528;-0.0014081;1.19442;0.639258;-178.971;-22.3192;
3890.45;91.0574;-11.0694;-178.574;-0.00123941;1.14258;0.609576;-179.027;-22.7484;
3981.07;91.0047;-11.2974;-178.62;-0.00108054;1.09187;0.581322;-179.081;-23.1761;
4073.8;90.953;-11.524;-178.665;-0.000930835;1.04222;0.554424;-179.135;-23.6025;
4168.69;90.9023;-11.7493;-178.708;-0.000789701;0.993563;0.528813;-179.188;-24.0275;
4265.8;90.8524;-11.9734;-178.75;-0.000656584;0.945843;0.504424;-179.24;-24.4513;
4365.16;90.8034;-12.1963;-178.791;-0.000530972;0.899003;0.481195;-179.291;-24.8739;
4466.84;90.7552;-12.4181;-178.831;-0.000412397;0.852992;0.459068;-179.342;-25.2953;
4570.88;90.7076;-12.6389;-178.87;-0.000300423;0.807757;0.437989;-179.391;-25.7157;
4677.35;90.6608;-12.8586;-178.908;-0.000194649;0.763253;0.417905;-179.44;-26.1351;
4786.3;90.6146;-13.0773;-178.946;-9.47022e-05;0.719432;0.398767;-179.489;-26.5534;
4897.79;90.569;-13.2952;-178.982;-2.37552e-07;0.676251;0.380529;-179.537;-26.9709;
5011.87;90.5239;-13.5121;-179.018;8.90651e-05;0.63367;0.363147;-179.585;-27.3874;
5128.61;90.4793;-13.7282;-179.053;0.000173503;0.591646;0.346578;-179.632;-27.8031;
5248.07;90.4352;-13.9436;-179.088;0.000253353;0.550144;0.330784;-179.678;-28.218;
5370.32;90.3915;-14.1582;-179.121;0.000328872;0.509124;0.315726;-179.725;-28.6321;
5495.41;90.3482;-14.372;-179.154;0.000400299;0.468553;0.301369;-179.771;-29.0455;
5623.41;90.3052;-14.5852;-179.187;0.000467857;0.428396;0.28768;-179.816;-29.4581;
5754.4;90.2626;-14.7977;-179.218;0.000531755;0.388619;0.274626;-179.862;-29.8701;
5888.44;90.2202;-15.0095;-179.25;0.000592186;0.349191;0.262177;-179.907;-30.2814;
6025.6;90.1781;-15.2208;-179.28;0.000649331;0.310081;0.250304;-179.952;-30.692;
6165.95;90.1362;-15.4315;-179.31;0.000703358;0.271259;0.238979;-179.997;-31.1021;
6309.57;90.0945;-15.6416;-179.34;0.000754427;0.232695;0.228177;179.958;-31.5116;
6456.54;90.053;-15.8512;-179.369;0.000802684;0.194361;0.217873;179.913;-31.9205;
6606.93;90.0115;-16.0603;-179.398;0.000848267;0.156229;0.208042;179.869;-32.3289;
6760.83;89.9702;-16.2689;-179.427;0.000891304;0.118272;0.198664;179.824;-32.7368;
6918.31;89.929;-16.4771;-179.455;0.000931916;0.080464;0.189716;179.779;-33.1442;
7079.46;89.8877;-16.6848;-179.482;0.000970216;0.0427781;0.181177;179.735;-33.5511;
7244.36;89.8465;-16.8921;-179.509;0.00100631;0.00518912;0.17303;179.69;-33.9575;
7413.1;89.8053;-17.0989;-179.536;0.00104029;-0.032328;0.165256;179.645;-34.3634;
7585.78;89.7641;-17.3054;-179.563;0.00107226;-0.069798;0.157836;179.6;-34.769;
7762.47;89.7228;-17.5114;-179.589;0.00110229;-0.107245;0.150755;179.555;-35.1741;
7943.28;89.6814;-17.7171;-179.615;0.00113047;-0.144693;0.143997;179.51;-35.5788;
8128.31;89.6399;-17.9225;-179.641;0.00115687;-0.182166;0.137546;179.464;-35.9831;
8317.64;89.5982;-18.1275;-179.667;0.00118157;-0.219687;0.131389;179.419;-36.387;
8511.38;89.5564;-18.3321;-179.692;0.00120462;-0.25728;0.125511;179.373;-36.7905;
8709.64;89.5144;-18.5365;-179.717;0.00122608;-0.294967;0.119899;179.326;-37.1936;
8912.51;89.4722;-18.7405;-179.742;0.00124602;-0.332772;0.114542;179.28;-37.5964;
9120.11;89.4297;-18.9442;-179.767;0.00126448;-0.370716;0.109427;179.233;-37.9988;
9332.54;89.3869;-19.1477;-179.792;0.00128151;-0.408823;0.104544;179.186;-38.4009;
9549.93;89.3439;-19.3508;-179.816;0.00129716;-0.447116;0.0998806;179.138;-38.8026;
9772.37;89.3006;-19.5537;-179.84;0.00131146;-0.485616;0.0954275;179.09;-39.204;
10000;89.2569;-19.7562;-179.865;0.00132445;-0.524345;0.0911748;179.041;-39.605;
10232.9;89.2128;-19.9586;-179.889;0.00133616;-0.563328;0.0871132;178.992;-40.0057;
10471.3;89.1684;-20.1606;-179.913;0.00134662;-0.602585;0.0832337;178.943;-40.4061;
10715.2;89.1235;-20.3624;-179.937;0.00135587;-0.642139;0.0795281;178.893;-40.8061;
10964.8;89.0782;-20.5639;-179.961;0.00136392;-0.682013;0.075988;178.842;-41.2058;
11220.2;89.0324;-20.7652;-179.985;0.00137079;-0.722229;0.072606;178.791;-41.6052;
11481.5;88.9862;-20.9662;179.991;0.00137651;-0.76281;0.0693746;178.739;-42.0042;
11749;88.9394;-21.167;179.968;0.00138108;-0.803779;0.0662867;178.687;-42.4029;
12022.6;88.892;-21.3676;179.944;0.00138453;-0.845158;0.0633358;178.634;-42.8013;
12302.7;88.8441;-21.5679;179.92;0.00138686;-0.88697;0.0605154;178.58;-43.1993;
12589.3;88.7957;-21.7679;179.896;0.00138807;-0.929239;0.0578194;178.525;-43.5971;
12882.5;88.7465;-21.9677;179.872;0.00138818;-0.971988;0.0552419;178.47;-43.9944;
13182.6;88.6968;-22.1673;179.848;0.00138719;-1.01524;0.0527775;178.414;-44.3915;
13489.6;88.6463;-22.3666;179.824;0.00138509;-1.05902;0.0504207;178.357;-44.7882;
13803.8;88.5952;-22.5657;179.8;0.00138188;-1.10335;0.0481665;178.299;-45.1845;
14125.4;88.5433;-22.7645;179.776;0.00137756;-1.14826;0.0460101;178.241;-45.5805;
14454.4;88.4907;-22.9631;179.751;0.00137211;-1.19376;0.0439467;178.181;-45.9761;
14791.1;88.4373;-23.1615;179.727;0.00136554;-1.23989;0.041972;178.12;-46.3714;
15135.6;88.3831;-23.3596;179.702;0.00135782;-1.28667;0.0400817;178.059;-46.7663;
15488.2;88.328;-23.5574;179.677;0.00134894;-1.33412;0.0382718;177.997;-47.1608;
15848.9;88.2721;-23.7549;179.652;0.00133889;-1.38228;0.0365383;177.933;-47.555;
16218.1;88.2152;-23.9522;179.627;0.00132764;-1.43116;0.0348776;177.869;-47.9487;
16595.9;88.1574;-24.1493;179.602;0.00131516;-1.48079;0.033286;177.803;-48.3421;
16982.4;88.0987;-24.346;179.576;0.00130145;-1.5312;0.0317602;177.736;-48.735;
17378;88.039;-24.5425;179.551;0.00128645;-1.58242;0.0302969;177.668;-49.1275;
17782.8;87.9782;-24.7386;179.525;0.00127015;-1.63447;0.0288929;177.599;-49.5196;
18197;87.9164;-24.9345;179.499;0.00125251;-1.68739;0.0275453;177.529;-49.9113;
18620.9;87.8535;-25.1301;179.472;0.0012335;-1.74119;0.0262511;177.457;-50.3025;
19054.6;87.7895;-25.3253;179.445;0.00121306;-1.79591;0.0250077;177.384;-50.6933;
19498.4;87.7243;-25.5202;179.418;0.00119117;-1.85158;0.0238122;177.31;-51.0837;
19952.6;87.658;-25.7148;179.391;0.00116777;-1.90823;0.0226623;177.234;-51.4735;
20417.4;87.5904;-25.909;179.363;0.00114282;-1.96589;0.0215554;177.157;-51.8629;
20893;87.5215;-26.1029;179.335;0.00111626;-2.02458;0.0204892;177.078;-52.2518;
21379.6;87.4514;-26.2964;179.307;0.00108803;-2.08435;0.0194613;176.998;-52.6402;
21877.6;87.3799;-26.4895;179.278;0.00105808;-2.14521;0.0184696;176.916;-53.0281;
22387.2;87.3071;-26.6822;179.249;0.00102635;-2.20722;0.0175121;176.833;-53.4154;
22908.7;87.2329;-26.8746;179.22;0.000992762;-2.27038;0.0165865;176.748;-53.8023;
23442.3;87.1572;-27.0664;179.19;0.00095725;-2.33475;0.015691;176.661;-54.1886;
23988.3;87.08;-27.2579;179.159;0.00091974;-2.40035;0.0148237;176.573;-54.5744;
24547.1;87.0014;-27.4489;179.129;0.000880151;-2.46723;0.0139827;176.483;-54.9597;
25118.9;86.9211;-27.6394;179.097;0.000838399;-2.53541;0.0131662;176.391;-55.3444;
25704;86.8393;-27.8294;179.066;0.000794397;-2.60493;0.0123725;176.297;-55.7286;
26302.7;86.7558;-28.0189;179.034;0.000748052;-2.67582;0.0115999;176.201;-56.1122;
26915.3;86.6707;-28.2078;179.001;0.000699265;-2.74814;0.0108467;176.104;-56.4952;
27542.3;86.5838;-28.3962;178.968;0.000647933;-2.8219;0.0101114;176.004;-56.8778;
28183.8;86.4951;-28.584;178.934;0.000593947;-2.89717;0.00939235;175.902;-57.2597;
28840.3;86.4047;-28.7712;178.9;0.000537194;-2.97396;0.00868805;175.798;-57.6412;
29512.1;86.3123;-28.9578;178.865;0.000477553;-3.05233;0.007997;175.692;-58.0221;
30199.5;86.2181;-29.1438;178.829;0.000414898;-3.13231;0.00731774;175.583;-58.4025;
30903;86.1219;-29.329;178.793;0.000349096;-3.21395;0.00664883;175.472;-58.7823;
31622.8;86.0237;-29.5136;178.756;0.000280009;-3.29729;0.00598883;175.359;-59.1618;
32359.4;85.9235;-29.6974;178.719;0.00020749;-3.38238;0.00533636;175.243;-59.5407;
33113.1;85.8212;-29.8805;178.681;0.000131386;-3.46925;0.00469002;175.125;-59.9192;
33884.4;85.7167;-30.0627;178.642;5.15349e-05;-3.55796;0.00404845;175.004;-60.2974;
34673.7;85.61;-30.2442;178.602;-3.22311e-05;-3.64855;0.00341028;174.881;-60.6751;
35481.3;85.5011;-30.4248;178.562;-0.000120089;-3.74108;0.00277415;174.754;-61.0526;
36307.8;85.3899;-30.6044;178.521;-0.000212226;-3.83558;0.00213873;174.625;-61.4298;
37153.5;85.2763;-30.7832;178.479;-0.000308836;-3.93211;0.00150265;174.493;-61.8069;
38018.9;85.1603;-30.9609;178.436;-0.000410123;-4.03072;0.000864584;174.357;-62.1838;
38904.5;85.0418;-31.1377;178.393;-0.000516301;-4.13147;0.000223166;174.219;-62.5607;
39810.7;84.9208;-31.3134;178.349;-0.000627595;-4.23439;-0.000422959;174.077;-62.9376;
40738;84.7972;-31.488;178.304;-0.000744241;-4.33956;-0.00107516;173.932;-63.3148;
41686.9;84.671;-31.6615;178.257;-0.000866484;-4.44702;-0.00173482;173.783;-63.6922;
42658;84.5421;-31.8338;178.21;-0.000994582;-4.55684;-0.00240333;173.63;-64.07;
43651.6;84.4104;-32.0049;178.163;-0.00112881;-4.66906;-0.00308211;173.474;-64.4485;
44668.4;84.2759;-32.1747;178.114;-0.00126944;-4.78375;-0.0037726;173.314;-64.8277;
45708.8;84.1386;-32.3432;178.064;-0.00141679;-4.90097;-0.00447624;173.149;-65.2078;
46773.5;83.9982;-32.5103;178.013;-0.00157115;-5.02078;-0.00519455;172.98;-65.5891;
47863;83.8549;-32.676;177.961;-0.00173285;-5.14324;-0.00592902;172.807;-65.9719;
48977.9;83.7084;-32.8401;177.908;-0.00190224;-5.26842;-0.00668122;172.628;-66.3563;
50118.7;83.5589;-33.0028;177.854;-0.00207967;-5.39638;-0.00745272;172.445;-66.7428;
51286.1;83.4061;-33.1638;177.798;-0.00226552;-5.52719;-0.00824517;172.256;-67.1316;
52480.7;83.25;-33.3232;177.742;-0.00246018;-5.66092;-0.00906023;172.062;-67.5231;
53703.2;83.0906;-33.4809;177.684;-0.00266406;-5.79764;-0.00989963;171.861;-67.9178;
54954.1;82.9277;-33.6368;177.625;-0.00287759;-5.93741;-0.0107651;171.654;-68.3162;
56234.1;82.7613;-33.7909;177.565;-0.00310122;-6.08033;-0.0116586;171.44;-68.7188;
57544;82.5914;-33.943;177.504;-0.00333541;-6.22645;-0.0125818;171.219;-69.1262;
58884.4;82.4178;-34.0932;177.441;-0.00358067;-6.37585;-0.0135368;170.99;-69.5391;
60256;82.2405;-34.2413;177.377;-0.00383751;-6.52862;-0.0145256;170.753;-69.9583;
61659.5;82.0593;-34.3874;177.311;-0.00410647;-6.68483;-0.0155502;170.506;-70.3847;
63095.7;81.8743;-34.5312;177.244;-0.00438812;-6.84456;-0.0166128;170.249;-70.8193;
64565.4;81.6853;-34.6728;177.176;-0.00468304;-7.0079;-0.0177157;169.981;-71.2632;
66069.3;81.4923;-34.8121;177.106;-0.00499187;-7.17494;-0.0188611;169.7;-71.7177;
67608.3;81.2951;-34.9489;177.035;-0.00531524;-7.34575;-0.0200515;169.406;-72.1844;
69183.1;81.0937;-35.0833;176.962;-0.00565383;-7.52043;-0.0212894;169.097;-72.665;
70794.6;80.888;-35.2151;176.887;-0.00600837;-7.69906;-0.0225773;168.77;-73.1614;
72443.6;80.6779;-35.3443;176.811;-0.00637958;-7.88175;-0.023918;168.424;-73.676;
74131;80.4633;-35.4708;176.733;-0.00676826;-8.06859;-0.0253143;168.055;-74.2116;
75857.8;80.2441;-35.5945;176.654;-0.00717521;-8.25966;-0.026769;167.66;-74.7714;
77624.7;80.0202;-35.7154;176.572;-0.00760128;-8.45508;-0.0282854;167.234;-75.3593;
79432.8;79.7916;-35.8333;176.489;-0.00804738;-8.65494;-0.0298664;166.772;-75.98;
81283.1;79.5581;-35.9482;176.404;-0.00851442;-8.85935;-0.0315154;166.265;-76.6391;
83176.4;79.3196;-36.06;176.317;-0.0090034;-9.06841;-0.033236;165.704;-77.3439;
85113.8;79.076;-36.1686;176.228;-0.00951533;-9.28222;-0.0350316;165.074;-78.1032;
87096.4;78.8272;-36.274;176.137;-0.0100513;-9.5009;-0.036906;164.357;-78.9286;
89125.1;78.5732;-36.376;176.045;-0.0106124;-9.72456;-0.0388631;163.524;-79.8348;
91201.1;78.3137;-36.4747;175.95;-0.0111998;-9.95332;-0.040907;162.534;-80.8422;
93325.4;78.0488;-36.5698;175.853;-0.0118147;-10.1873;-0.0430419;161.321;-81.9785;
95499.3;77.7781;-36.6615;175.753;-0.0124584;-10.4266;-0.0452723;159.777;-83.2837;
97723.7;77.5018;-36.7495;175.652;-0.0131323;-10.6713;-0.0476028;157.71;-84.8183;
100000;77.2196;-36.8338;175.548;-0.0138378;-10.9217;-0.0500383;154.742;-86.6781;
